Table:CsvBattle,,,,,,,,,,,,,,,,,,,,
tid,name:s,diff_num,physic_power,times_limit,map1:s,map2:s,map3:s,item_award_show:a,boss_face_tid,body_dire,desc:s,hero_exp1,hero_exp2,hero_exp3,drop_group1,drop_group2,drop_group3,prob_group1,prob_group2,prob_group3
#,名字,有几个难度,体力消耗,次数限制,战斗1地图,战斗2地图,战斗3地图,物品奖励（显示用）,显示BOSS头像,指挥官站位方向,副本说明,英雄经验,英雄经验,英雄经验,难度1掉落,难度2掉落,难度3掉落,假概率难度1,假概率难度2,假概率难度3
10101,狗头人营地,1,6,99,BeiJunXiuDaoYuan,BeiJunXiuDaoYuan,BeiJunXiuDaoYuan,"107,108,",,118,北郡山谷中狗头人的活动日益增加。他们在修道院附近建立营地，而且数量众多。,50,,,101011,,,,,
10102,北郡山谷,1,6,99,BeiJunXiuDaoYuan,BeiJunXiuDaoYuan,BeiJunXiuDaoYuan,"107,108,",,118,关于狼群袭击北郡的报告最近有所增加。虽然狼群很少袭击人类，但是他们数量的激增给农夫增加了很多麻烦。,60,,,101021,,,,,
10103,回音山矿洞,1,6,99,BeiJunXiuDaoYuan,BeiJunXiuDaoYuan,BeiJunXiuDaoYuan,"107,108,",,118,调查证实，回音山矿洞需要一次清剿行动。回到矿洞那边，清除那里所有的狗头人吧。,70,,,101031,,,,,
10104,米莉的葡萄园,1,6,99,BeiJunXiuDaoYuan,BeiJunXiuDaoYuan,BeiJunXiuDaoYuan,"107,108,",,118,一伙迪菲亚盗贼趁葡萄收割的时候闯进了北郡农场！消灭他们！,80,,,101041,,,,,
10105,加瑞克的赏金,1,6,99,BeiJunXiuDaoYuan,BeiJunXiuDaoYuan,BeiJunXiuDaoYuan,"107,108,",94,118,加瑞克·帕德弗特，这个恶棍几周以来一直让农民和商人心惊胆战。带他的徽记回来见我，然后领取赏金吧！,90,,,101051,,,,,
10201,石碑湖,1,6,10,AiErWenSenLin,AiErWenSenLin,AiErWenSenLin,"107,108,100031",,118,暴风城军队悬赏清除那些闪金森林内的鱼人潜伏者和鱼人强盗。杀了它们，把它们破损的鱼人鳞片带回来。,90,,,102011,,,,,
10202,东谷伐木场,1,6,99,AiErWenSenLin,AiErWenSenLin,AiErWenSenLin,"107,108,",,118,这里的狼和熊把伐木工人追得满地跑，否则的话他们早就把木材的问题解决了。,100,,,102021,,,,,
10203,南瓜田,1,6,10,AiErWenSenLin,AiErWenSenLin,AiErWenSenLin,"107,108,100051,11011",114,118,布拉克威尔一家有一头得过奖的猪，它名叫“公主”。这头母猪巨大无比，还经常偷偷溜到农场里偷吃蔬菜！,110,,,102031,,,,,
10204,水晶湖,1,6,99,AiErWenSenLin,AiErWenSenLin,AiErWenSenLin,"107,108,",,118,鱼人正陆续从闪金森林东部的河流里游过来，把鱼都给吓跑了，而且它们还攻击平民！,110,,,102041,,,,,
10205,法戈第矿洞,1,6,99,AiErWenSenLin,AiErWenSenLin,AiErWenSenLin,"107,108,",,118,我和我兄弟在暴风城开了个药店，而我现在正要在这一带找些大蜡烛，以便提取其中的蜡。你能帮助我吗？,120,,,102051,,,,,
10206,林间空地,2,6,10,AiErWenSenLin,AiErWenSenLin,AiErWenSenLin,"107,108,100041,11012",46,118,巨型豺狼人霍格，现正在闪金森林西南部的树林里游荡。他成功地对抗了目前为止所有追捕他的行动。,130,140,,102061,102062,,,,
10301,法布隆农场,2,6,99,XiBuHuangYe,XiBuHuangYe,XiBuHuangYe,"107,108,",,118,食腐鸟在这个地方徘徊，不过它们的肉是用来做杂味炖肉的食材。,130,140,,103011,103012,,,,
10302,詹戈洛德矿洞,2,6,99,XiBuHuangYe,XiBuHuangYe,XiBuHuangYe,"107,108,",,118,狗头人会说：“不许抢走我的蜡烛！”我就说：“我来抢蜡烛！”然后把它们打得分不清东南西北！,140,150,,103021,103022,,,,
10303,岸边的威胁,2,6,99,XiBuHuangYe,XiBuHuangYe,XiBuHuangYe,"107,108,",78,118,西部旷野的海岸必须清理，不然航行到我们这里的水手们就不安全。鱼人们也是个麻烦。,140,150,,103031,103032,,,,
10304,萨丁农场,2,6,10,XiBuHuangYe,XiBuHuangYe,XiBuHuangYe,"107,108,42001,11013",,118,削两个洋葱，剥一个大蒜，剁半两香菜，切几块萝卜。现在……我还需要猪肝来完成我的绝世美味馅饼！,150,160,,103041,103042,,,,
10305,荒野豺狼人,2,6,99,XiBuHuangYe,XiBuHuangYe,XiBuHuangYe,"107,108,",,118,找到那些可恶的豺狼人，把它们干掉，似乎这些家伙与死矿里的小贼们有些联系。,150,160,,103051,103052,,,,
10306,清理荒野,2,6,99,XiBuHuangYe,XiBuHuangYe,XiBuHuangYe,"107,108,",,118,这个农场已经被迪菲亚兄弟会占领了，把他们的面罩扒下来。,160,170,,103061,103062,,,,
10307,月溪镇,3,6,10,XiBuHuangYe,XiBuHuangYe,XiBuHuangYe,"107,108,42002,11014",23,118,我们必须得找到迪菲亚兄弟会藏身的地方，朋友。我希望你能抓住一个信使。,160,170,180,103071,103072,103073,,,
10401,荒野之心,3,6,99,YinSongSenLin,YinSongSenLin,YinSongSenLin,"107,108,",,118,药剂师能用变色的狼心制作治疗药水，收集一些狼心回来。,160,170,180,104011,104012,104013,,,
10402,亡者农场,3,6,99,YinSongSenLin,YinSongSenLin,YinSongSenLin,"107,108,",,118,腐皮豺狼人在北边的一处名叫亡者农场的地方建立了一个基地。每次他们都能得到女妖奈塔拉什的增援。,170,180,190,104021,104022,104023,,,
10403,豺狼人的脓液,3,6,99,YinSongSenLin,YinSongSenLin,YinSongSenLin,"107,108,",,118,我们必须得弄清楚谁是腐皮豺狼人背后的真正主人，药剂师们相信它们的体内发生了某种神秘的变化。,170,180,190,104031,104032,104033,,,
10404,破旧渡口,3,6,99,YinSongSenLin,YinSongSenLin,YinSongSenLin,"107,108,",,118,天灾军团占据了那里，这其中一定有些什么阴谋。到破旧渡口去调查一下，看看为什么天灾军团会在那里。 ,170,180,190,104041,104042,104043,,,
10405,突袭芬里斯岛,3,6,10,YinSongSenLin,YinSongSenLin,YinSongSenLin,"107,108,42001,11021",131,118,你必须去那个岛，杀死图勒·鸦爪，把他的徽记提来见我！,180,190,200,104051,104052,104053,,,
10406,披着熊皮的狼,3,6,99,YinSongSenLin,YinSongSenLin,YinSongSenLin,"107,108,",,118,不幸的是，银松这里白痴还特别多。在有组织的狼人熊攻击下，我们已经损失了好几个营。,180,190,200,104061,104062,104063,,,
10407,调查安伯米尔,3,6,99,YinSongSenLin,YinSongSenLin,YinSongSenLin,"107,108,",,118,那些咒术师、法师和保卫者恐怕会拼死保护坠饰。你必须清除掉这些阻碍，并把饰物抢到手。,180,190,200,104071,104072,104073,,,
10408,埃利姆矿洞,3,6,99,YinSongSenLin,YinSongSenLin,YinSongSenLin,"107,108,",,118,我需要你来帮忙处理一下我们的亡灵哨兵发现的一个小问题。似乎影牙堡主的魔法已经控制了东南方山中的埃利姆矿洞。,180,190,200,104081,104082,104083,,,
10409,粘丝洞,3,6,10,YinSongSenLin,YinSongSenLin,YinSongSenLin,"107,108,42002,11022",,118,从粘丝洞中的蜘蛛身上和银松中游荡着的熊身上采集一些样本回来。,190,200,210,104091,104092,104093,,,
10410,焚木村的毁灭,3,6,10,YinSongSenLin,YinSongSenLin,YinSongSenLin,"107,108,42001,2227",20,118,用这些火把，我们要把焚木村烧成平地，只留下灰烬，让敌人无处藏身。,190,200,210,104101,104102,104103,,,
10501,主宰之剑,3,6,99,HeiHaiAn,HeiHaiAn,HeiHaiAn,"107,108,",,118,暮光之锤信徒崇拜非常古老的大地之神，一个很久以前就被打败的神。主宰之剑就是那个古神被打败的地方。,190,200,210,105011,105012,105013,,,
10502,挖掘场,3,6,99,HeiHaiAn,HeiHaiAn,HeiHaiAn,"107,108,",,118,我们刚刚发现了一座大型的古代城镇，但是突然间，可怕的傀儡从地下蜂拥而出，占据了那里。,200,210,230,105021,105022,105023,,,
10503,黑木熊怪营地,3,6,99,HeiHaiAn,HeiHaiAn,HeiHaiAn,"107,108,",,118,我们的祖先同黑木熊怪世世代代共同生活在一起。可最近我们同森林深处聚居点的他们失去了联系。,200,210,230,105031,105032,105033,,,
10504,古树之林,3,6,99,HeiHaiAn,HeiHaiAn,HeiHaiAn,"107,108,",,118,看看你的四周，朋友。我的同胞们沉睡着……但只要时机一到，他们自会响应守护者的号角。,200,210,230,105041,105042,105043,,,
10505,亚米萨兰,3,6,10,HeiHaiAn,HeiHaiAn,HeiHaiAn,"107,108,42002,11023",91,118,我发现自己正置身于亚米萨兰的废墟之中……我居然看见了我的至爱——她那饱受折磨的亡魂。,210,230,240,105051,105052,105053,,,
10506,长桥码头,3,6,99,HeiHaiAn,HeiHaiAn,HeiHaiAn,"107,108,",,118,瞧见海岸边的那些个船骸了吗……大多数都是老的，有些新的。我琢磨它们好久了。,210,230,240,105061,105062,105063,,,
10507,巴萨兰,3,6,99,HeiHaiAn,HeiHaiAn,HeiHaiAn,"107,108,",,118,有一伙恶魔的爪牙在东部的巴莎兰废墟里到处横行。盘踞在那里的萨特疯狂地汲取着魔法的能量。,210,230,240,105071,105072,105073,,,
10508,洞中的蘑菇,3,6,99,HeiHaiAn,HeiHaiAn,HeiHaiAn,"107,108,",,118,我正在研制一种药剂，需要一种生长在特定洞穴里的稀有蘑菇才能配制。,210,230,240,105081,105082,105083,,,
10509,玛塞斯特拉,3,6,10,HeiHaiAn,HeiHaiAn,HeiHaiAn,"107,108,42001,11024",,118,到玛塞斯特拉废墟去看看，找到那些古代的遗物。也许能搞清楚暮光之锤打算如何使用那些精灵的魔法。,220,240,250,105091,105092,105093,,,
10510,奥萨拉克斯塔,3,6,10,HeiHaiAn,HeiHaiAn,HeiHaiAn,"107,108,42002,2128",133,118,不过你要当心，在他的周围有很多强大的术士，比你以前所见到过的任何术士都还要可怕。 ,220,240,250,105101,105102,105103,,,
10601,淤泥沼泽,3,6,99,PinJiZhiDi,PinJiZhiDi,PinJiZhiDi,"107,108,",,118,嗨，我们这里遇到了一个真正的麻烦。淤泥沼泽盘踞了大量土狼。它们正在对我们造成越来越多的损害。,220,240,250,106011,106012,106013,,,
10602,玉石矿洞,3,6,99,PinJiZhiDi,PinJiZhiDi,PinJiZhiDi,"107,108,",,118,我知道有一些买主肯掏钱买那么大的一块宝石，如果你帮我搞到那块宝石的话，那么我愿意和你五五分成，你看怎么样？ ,230,250,260,106021,106022,106023,,,
10603,平衡器,3,6,99,PinJiZhiDi,PinJiZhiDi,PinJiZhiDi,"107,108,",,118,一切准备就绪，现在你需要做的就是取得可以打开控制台的钥匙。 ,230,250,260,106031,106032,106033,,,
10604,被偷走的银币,3,6,99,PinJiZhiDi,PinJiZhiDi,PinJiZhiDi,"107,108,",,118,很明显这些迅猛龙是独自将部落的银币偷走的。该教训教训这些畜生了。,230,250,260,106041,106042,106043,,,
10605,无水岭,3,6,10,PinJiZhiDi,PinJiZhiDi,PinJiZhiDi,"107,108,42001,11031",209,118,从她们对部落的恶毒憎恨来看，塞瑞娜·血羽一定对部落抱着某种深仇大恨。,240,260,280,106051,106052,106053,,,
10606,遗忘之池,3,6,99,PinJiZhiDi,PinJiZhiDi,PinJiZhiDi,"107,108,",,118,你能感受到大地的震颤吗？某种力量将这块大地劈成了两半。但是我们德鲁伊却能感受到另一种震颤。,240,260,280,106061,106062,106063,,,
10607,复仇的怒火,3,6,99,PinJiZhiDi,PinJiZhiDi,PinJiZhiDi,"107,108,",,118,杀掉那些野猪人，能杀多少就杀多少。带回它们的獠牙，让我们一起为它们的死亡而庆贺吧。,240,260,280,106071,106072,106073,,,
10608,勇士岛,3,6,99,PinJiZhiDi,PinJiZhiDi,PinJiZhiDi,"107,108,",,118,当下那些海盗已经占领了南部的勇士岛，他们不仅是想打我货物的主意，他们就想找麻烦！,240,260,280,106081,106082,106083,,,
10609,大树下,3,6,10,PinJiZhiDi,PinJiZhiDi,PinJiZhiDi,"107,108,42002,11032",,118,贫瘠之地的草原狮是极其狡诈的猛兽。它们非常坚强，机智，敏捷……而且致命。,250,270,290,106091,106092,106093,,,
10610,人马无双,3,6,10,PinJiZhiDi,PinJiZhiDi,PinJiZhiDi,"107,108,42003,2112",199,118,杀死那些该死的半人马，直到他们的首领——督军克罗姆扎出现在你面前，干掉他，把他的旗帜撕下一片作为证据。,250,270,290,106101,106102,106103,,,
10701,撕裂者山谷,3,6,99,ChiJiShan,ChiJiShan,ChiJiShan,"107,108,",,118,看起来，黑石兽人终于放聪明了。我收到报告说他们和豺狼人组成了联军，打算发动进攻。,250,270,290,107011,107012,107013,,,
10702,止水湖,3,6,99,ChiJiShan,ChiJiShan,ChiJiShan,"107,108,",,118,要去止水湖吗？你也许很高兴知道，我们现在对鱼人进行悬赏。尽你所能杀掉它们，就可以拿到赏金！,260,280,300,107021,107022,107023,,,
10703,湖边大道,3,6,99,ChiJiShan,ChiJiShan,ChiJiShan,"107,108,",,118,我需要一些血牙野猪的肾脏、秃鹰的内脏，还有狼蛛眼球。你可以在这座塔附近找到血牙野猪、秃鹰和狼蛛。,260,280,300,107031,107032,107033,,,
10704,三角路口,3,6,99,ChiJiShan,ChiJiShan,ChiJiShan,"107,108,",,118,我需要一些黑龙雏龙腹部的鳞片来支付买马掌的钱。,260,280,300,107041,107042,107043,,,
10705,湖畔镇,3,6,10,ChiJiShan,ChiJiShan,ChiJiShan,"107,108,42001,11034",114,118,前几天我的花园又被搞得一塌糊涂，不过现在我已经知道是哪个混蛋干的了。就是那只被称作贝利格拉布的野猪。,270,290,310,107051,107052,107053,,,
10706,赤脊峡谷,3,6,99,ChiJiShan,ChiJiShan,ChiJiShan,"107,108,",,118,杀掉你看到的所有豺狼人，把他们的项圈作为证据拿到手。,270,290,310,107061,107062,107063,,,
10707,撕裂者营地,3,6,99,ChiJiShan,ChiJiShan,ChiJiShan,"107,108,",,118,帮湖畔镇解决掉这个威胁吧。杀死黑石氏族的兽人，并带回来十把他们所用的破斧作为证明。,270,290,310,107071,107072,107073,,,
10708,奥瑟尔伐木场,3,6,99,ChiJiShan,ChiJiShan,ChiJiShan,"107,108,",,118,在奥瑟尔伐木场里攻击你看见的所有黑石兽人。击败他们，直到他们知道你的厉害。,270,290,310,107081,107082,107083,,,
10709,伊尔加拉之塔,3,6,10,ChiJiShan,ChiJiShan,ChiJiShan,"107,108,42002,11035",,118,进到塔里去，登上塔顶，消灭塔内的所有法师。,280,300,330,107091,107092,107093,,,
10710,石堡,3,6,10,ChiJiShan,ChiJiShan,ChiJiShan,"107,108,42003,2117",174,118,现在就剩黑石的指挥官们了，朋友。他们现在都躲进了石堡要塞，从这里一直向南就能看见那地方。,280,300,330,107101,107102,107103,,,
10801,萨提纳尔,3,6,99,HuiGu,HuiGu,HuiGu,"107,108,",,118,我一直在寻找发财的机会，眼下似乎就有一个——这些日子以来棘齿城的萨特角行情看涨。,280,300,330,108011,108012,108013,,,
10802,战歌伐木场,3,6,99,HuiGu,HuiGu,HuiGu,"107,108,",,118,我的主意很简单。带上这把斧子，把该地区他们一直在照料的树木砍倒。,290,320,340,108021,108022,108023,,,
10803,屠魔峡谷,3,6,99,HuiGu,HuiGu,HuiGu,"107,108,",,118,长久以来，燃烧军团的余孽是我们的眼中钉、肉中刺！不能再这样下去了！,290,320,340,108031,108032,108033,,,
10804,密斯特拉湖,3,6,99,HuiGu,HuiGu,HuiGu,"107,108,",,118,到东边去把密斯特拉湖夺回来，这样有朝一日我们才能收复避难所。,290,320,340,108041,108042,108043,,,
10805,坠星湖,3,6,10,HuiGu,HuiGu,HuiGu,"107,108,42001,11041",,118,过去我们常在东南部的坠星湖搜集月亮石……但是沼泽兽来了之后就不行了。,300,330,350,108051,108052,108053,,,
10806,隐藏的神殿,3,6,99,HuiGu,HuiGu,HuiGu,"107,108,",,118,那里人迹罕至，所以要多加小心。神殿就隐藏在围绕着那片林地的山峦中。,300,330,350,108061,108062,108063,,,
10807,月亮井,3,6,99,HuiGu,HuiGu,HuiGu,"107,108,",,118,你必须将泪水带到火山脚下东南方的纯净月亮井那儿去，在女神之力的保护下，它依然完好无损。,300,330,350,108071,108072,108073,,,
10808,阿斯特兰纳,3,6,99,HuiGu,HuiGu,HuiGu,"107,108,",,118,有了你的帮助，我们至少能稍微控制一下那里混乱的局势。,300,330,350,108081,108082,108083,,,
10809,佐拉姆海岸,3,6,10,HuiGu,HuiGu,HuiGu,"107,108,42002,11042",,118,邪恶的力量正潜伏在海岸边，朋友。海面下长眠着一座在很久以前就被摧毁的城市，佐拉姆城。,310,340,360,108091,108092,108093,,,
10810,鞭笞者沃尔沙,3,6,10,HuiGu,HuiGu,HuiGu,"107,108,42003,2104",193,118,鞭笞者沃尔沙……在海中出没的残忍的多头蛇怪……她频繁地、无缘无故地袭击我们的岗哨，到处制造混乱。,310,340,360,108101,108102,108103,,,
10901,米奈希尔港,3,6,99,ShiDi,ShiDi,ShiDi,"107,108,",,118,在上一次大战中，那支舰队曾与红龙们在此激战，不幸全军覆没了。,310,340,360,109011,109012,109013,,,
10902,黑水沼泽,3,6,99,ShiDi,ShiDi,ShiDi,"107,108,",,118,鉴于目前我真的很缺货，如果你能帮我弄些小鳄鱼皮回来，我会给你开出一个非常不错的价码。,320,350,380,109021,109022,109023,,,
10903,维尔加挖掘场,3,6,99,ShiDi,ShiDi,ShiDi,"107,108,",,118,我翻译好的文字被分成了四部分，散落在挖掘场中的四个不同的地方。,320,350,380,109031,109032,109033,,,
10904,藓皮沼泽,3,6,99,ShiDi,ShiDi,ShiDi,"107,108,",,118,我不知道你以前对付过多少豺狼人，但他们是肮脏野蛮的畜牲，并且很危险。我要你去把他们杀掉。,320,350,380,109041,109042,109043,,,
10905,怒牙营地,3,6,10,ShiDi,ShiDi,ShiDi,"107,108,42002,11043",,118,现在所有的投石车都被烧掉了，找到纳克罗什酋长，把他干掉。,330,360,390,109051,109052,109053,,,
10906,日落沼泽,3,6,99,ShiDi,ShiDi,ShiDi,"107,108,",,118,要是你能帮我杀几条这种凶猛残忍的大鳄鱼，从它们身上给我剥几张皮下来，我会非常高兴的。,330,360,390,109061,109062,109063,,,
10907,恐龙岭,3,6,99,ShiDi,ShiDi,ShiDi,"107,108,",,118,我们接到越来越多的报告，迅猛龙正在滋扰附近的地区。我立志要将这里变成安居乐业之所，因此我给那些畜牲挂了悬赏。,330,360,390,109071,109072,109073,,,
10908,恶铁岭,3,6,99,ShiDi,ShiDi,ShiDi,"107,108,",,118,战火席卷了整个世界。我们自己的土地却沦为了这群邪恶的黑铁矮人觊觎的目标。,330,360,390,109081,109082,109083,,,
10909,丹莫德,3,6,10,ShiDi,ShiDi,ShiDi,"107,108,42003,11044",,118,丹莫德已经被黑铁矮人攻陷了！我们在萨多尔桥遭遇了伏击，那群该死的黑铁矮人突袭了我们。,340,370,400,109091,109092,109093,,,
10910,盐沫沼泽,3,6,10,ShiDi,ShiDi,ShiDi,"107,108,42004,2009",78,118,鱼人们正从深水里朝海岸线上迁徙，还不住地骚扰我们的渔夫和商贩，必须阻止它们。,340,370,400,109101,109102,109103,,,
11001,丧钟镇,3,6,99,WenYiZhiDi,WenYiZhiDi,WenYiZhiDi,"107,108,",,118,虽然巫妖王不再坐镇冰封王座，但这个村庄的北部仍有大量的无脑僵尸到处横行。,340,370,400,110011,110012,110013,,,
11002,血色营地,3,6,99,WenYiZhiDi,WenYiZhiDi,WenYiZhiDi,"107,108,",,118,血色十字军是一个卑鄙的组织，他们视我们为死敌。,350,380,410,110021,110022,110023,,,
11003,索利丹农场,3,6,99,WenYiZhiDi,WenYiZhiDi,WenYiZhiDi,"107,108,",,118,这里的西边有个农场，那块地上的人呀，就跟腐烂尸体上的苍蝇一样多。,350,380,410,110031,110032,110033,,,
11004,阿加曼德磨坊,3,6,99,WenYiZhiDi,WenYiZhiDi,WenYiZhiDi,"107,108,",,118,一切准备就绪，现在你需要做的就是取得可以打开控制台的钥匙。 ,350,380,410,110041,110042,110043,,,
11005,北部海岸,3,6,10,WenYiZhiDi,WenYiZhiDi,WenYiZhiDi,"107,108,42001,11061",,118,我需要附近鱼人身上的几枚鳞片。这些无脑的生物就漫步在北边的海岸上。,360,390,430,110051,110052,110053,,,
11006,澈水湖,3,6,99,WenYiZhiDi,WenYiZhiDi,WenYiZhiDi,"107,108,",,118,北边澈水湖中的一个小岛上住着一个巫妖。虽然他是个独立的亡灵，不过他认为其他所有的亡灵都是天灾军团的奴隶。,360,390,430,110061,110062,110063,,,
11007,布瑞尔,3,6,99,WenYiZhiDi,WenYiZhiDi,WenYiZhiDi,"107,108,",,118,可怕的瘟疫正如冰冷的毒蛇一般在我的血管中逡巡，也许很快我就会彻底失去意志。,360,390,430,110071,110072,110073,,,
11008,洛丹伦废墟,3,6,99,WenYiZhiDi,WenYiZhiDi,WenYiZhiDi,"107,108,",,118,如果你能给我带回五张夜行蝙蝠的毛皮和一些粗线的话，我就可以给自己缝条毯子了。 ,360,390,430,110081,110082,110083,,,
11009,巴尼尔农场,3,6,10,WenYiZhiDi,WenYiZhiDi,WenYiZhiDi,"107,108,42003,11062",,118,往西边一路巡逻过去，如果你发现任何天灾军团的爪牙，就直截了当地把它们干掉。,370,400,440,110091,110092,110093,,,
11010,法奥之墓,3,6,10,WenYiZhiDi,WenYiZhiDi,WenYiZhiDi,"107,108,42004,2105",45,118,血色十字军已经从天灾林地北部的废塔出发，穿过了法奥之墓。,370,400,440,110101,110102,110103,,,
11101,东部海滩,3,6,99,XierSiBuLaDeQiuLing,XierSiBuLaDeQiuLing,XierSiBuLaDeQiuLing,"107,108,",,118,这些文件显示，东部海滩的纳迦打算趁机占领镇子。,370,400,440,111011,111012,111013,,,
11102,希尔斯农场,3,6,99,XierSiBuLaDeQiuLing,XierSiBuLaDeQiuLing,XierSiBuLaDeQiuLing,"107,108,",,118,从这里往西边方向进发，你的目标是希尔斯布莱德平原最北边的农场。,380,410,450,111021,111022,111023,,,
11103,丹加洛克,3,6,99,XierSiBuLaDeQiuLing,XierSiBuLaDeQiuLing,XierSiBuLaDeQiuLing,"107,108,",,118,你能帮我个忙，去丹加洛克查探闹鬼事件吗？就在遥远的东南方。,380,410,450,111031,111032,111033,,,
11104,奈杉德哨塔,3,6,99,XierSiBuLaDeQiuLing,XierSiBuLaDeQiuLing,XierSiBuLaDeQiuLing,"107,108,",,118,在奈杉德哨岗杀死你撞见的所有豺狼人。这也算是为世界除害！,380,410,450,111041,111042,111043,,,
11105,敦霍尔登城堡,3,6,10,XierSiBuLaDeQiuLing,XierSiBuLaDeQiuLing,XierSiBuLaDeQiuLing,"107,108,42002,11065",,118,经由黑暗女王授权，辛迪加组织的全部成员都将被处死！,390,420,460,111051,111052,111053,,,
11106,被感染的熊,3,6,99,XierSiBuLaDeQiuLing,XierSiBuLaDeQiuLing,XierSiBuLaDeQiuLing,"107,108,",,118,去处理掉那些被感染的熊，保护营地的安全。 ,390,420,460,111061,111062,111063,,,
11107,塔伦米尔,3,6,99,XierSiBuLaDeQiuLing,XierSiBuLaDeQiuLing,XierSiBuLaDeQiuLing,"107,108,",,118,不过呆在阴冷的屋子里这么多天，我的脑筋都快打结了，让我们以“破除天灾”之名找点乐子吧。,390,420,460,111071,111072,111073,,,
11108,镇魂之药,3,6,99,XierSiBuLaDeQiuLing,XierSiBuLaDeQiuLing,XierSiBuLaDeQiuLing,"107,108,",,118,我的研究表明，暴烈的山地狮的血液能让天灾兵团失魂落魄，请给我找一点来，让我们做点有趣的事吧。,390,420,460,111081,111082,111083,,,
11109,霜狼的帮助,3,6,10,XierSiBuLaDeQiuLing,XierSiBuLaDeQiuLing,XierSiBuLaDeQiuLing,"107,108,42003,11066",,118,我要你前往奥特兰克山谷，寻求霜狼氏族的帮助。,400,430,480,111091,111092,111093,,,
11110,雪人的毛发,3,6,10,XierSiBuLaDeQiuLing,XierSiBuLaDeQiuLing,XierSiBuLaDeQiuLing,"107,108,42004,2021",180,118,去西边的洞穴击败雪人，收集雪人的毛发，然后带回来给我就好啦。,400,430,480,111101,111102,111103,,,
11201,甜水绿洲,3,6,99,PinJiZhiDi,PinJiZhiDi,PinJiZhiDi,"107,108,",,118,南边到底发生了些什么呢？根据你在遗忘之池的发现，那些绿洲可能是发现问题的关键。,400,430,480,112011,112012,112013,,,
11202,前沿哨所,3,6,99,PinJiZhiDi,PinJiZhiDi,PinJiZhiDi,"107,108,",,118,野猪人是卡利姆多的本土物种之一。这种浑身长刺的小混蛋足以让我憎恨这片大陆了。,410,440,490,112021,112022,112023,,,
11203,死水绿洲,3,6,99,PinJiZhiDi,PinJiZhiDi,PinJiZhiDi,"107,108,",,118,把它们带到东南方的死水绿洲去，如果那里有地缝的话，就把这些种子放在里面。,410,440,490,112031,112032,112033,,,
11204,勇士岛,3,6,99,PinJiZhiDi,PinJiZhiDi,PinJiZhiDi,"107,108,",,118,近日有目击称，嘉维伊来到这片海域，带领一伙南海海盗袭击了勇士岛。把他的可辨识的死亡证明带来！,410,440,490,112041,112042,112043,,,
11205,北方城堡,3,6,10,PinJiZhiDi,PinJiZhiDi,PinJiZhiDi,"107,108,42001,11071",186,118,城堡遇到了麻烦，你在来的路上应该也注意到了吧。,420,450,500,112051,112052,112053,,,
11206,巴尔莫丹,3,6,99,PinJiZhiDi,PinJiZhiDi,PinJiZhiDi,"107,108,",,118,不知道你在来的路上有没有注意到，这座要塞建立在一尊巨型炮台附近。,420,450,500,112061,112062,112063,,,
11207,矮人挖掘场,3,6,99,PinJiZhiDi,PinJiZhiDi,PinJiZhiDi,"107,108,",,118,挖掘场完全暴露在敌方的火力范围内，很容易受到攻击。,420,450,500,112071,112072,112073,,,
11208,野猪人营地,3,6,99,PinJiZhiDi,PinJiZhiDi,PinJiZhiDi,"107,108,",,118,就我们所知，这里的麻烦比世界末日还要严重。我们的卫戍受到了野猪人的威胁。,420,450,500,112081,112082,112083,,,
11209,狮子的尊严,3,6,10,PinJiZhiDi,PinJiZhiDi,PinJiZhiDi,"107,108,42003,11073",,118,它那优雅的线条……发达的肌肉和锋利的爪子……追逐猎物时……爆发出的原始野性……,430,460,510,112091,112092,112093,,,
11210,野猪人的内战,3,6,10,PinJiZhiDi,PinJiZhiDi,PinJiZhiDi,"107,108,42004,2107",,118,<猪哼声>他们非常狡诈而无情，如果你打败了他们，不仅仅是十字路口，整个贫瘠之地都将迎来和平。,430,460,510,112101,112102,112103,,,
11301,阳光森林,3,6,99,WenYiZhiDi,WenYiZhiDi,WenYiZhiDi,"107,108,",,118,干烤狼肉串是有口皆碑的美食！你想吃吗？我当然可以为你做一些，不过得先给我找点材料。,430,460,510,113011,113012,113013,,,
11302,高塔,3,6,99,WenYiZhiDi,WenYiZhiDi,WenYiZhiDi,"107,108,",,118,我听说在乞丐鬼屋那儿有活动迹象。人们报告说在镇子东边的高塔里看见过灯光。,440,470,520,113021,113022,113023,,,
11303,静谧花园墓场,3,6,99,WenYiZhiDi,WenYiZhiDi,WenYiZhiDi,"107,108,",,118,到夜色镇南部的静谧花园去，我们必须尽量减轻亡灵所能够带来的压力！,440,470,520,113031,113032,113033,,,
11304,烂果园,3,6,99,WenYiZhiDi,WenYiZhiDi,WenYiZhiDi,"107,108,",,118,到烂果园去，杀掉织影狼人，保护镇子的安全！,440,470,520,113041,113042,113043,,,
11305,藏尸者的礼物,3,6,10,WenYiZhiDi,WenYiZhiDi,WenYiZhiDi,"107,108,42011,11074",31,118,现在，他把你给的材料缝合在一起，赐予了生命，将其变成了一个可怕的造物，而且它就要到镇子里来了！,450,480,530,113051,113052,113053,,,
11306,犹根农场,3,6,99,WenYiZhiDi,WenYiZhiDi,WenYiZhiDi,"107,108,",,118,我曾看见一名孤独的狼人徘徊在约根农场，在建筑之间挖起一堆土来……你能不能去查看一下那个土堆，看他有没有留下什么东西？,450,480,530,113061,113062,113063,,,
11307,沃古尔食人魔山,3,6,99,WenYiZhiDi,WenYiZhiDi,WenYiZhiDi,"107,108,",,118,几个星期前，我离开家去远处采草药，有一群食人魔袭击了我！我落荒而逃的时候丢了一箱工具和草药。,450,480,530,113071,113072,113073,,,
11308,腐草农场,3,6,99,WenYiZhiDi,WenYiZhiDi,WenYiZhiDi,"107,108,",,118,这是一片悲惨的土地，有着暴力和绝望的历史。许多死人拖着肉体游荡，而有些则仅仅是迷失的灵魂，迷茫地徘徊。,450,480,530,113081,113082,113083,,,
11309,乌鸦岭,3,6,10,WenYiZhiDi,WenYiZhiDi,WenYiZhiDi,"107,108,42012,11075",,118,你如果真的关心夜色森林的安危，就去查一查，看看是什么样的怪物在乌鸦岭出没。,460,490,540,113091,113092,113093,,,
11310,饱经风霜墓碑,3,6,10,WenYiZhiDi,WenYiZhiDi,WenYiZhiDi,"107,108,42013,2026",125,118,这座饱经风霜的墓碑上仅仅写着几个字：摩根·拉迪莫尔。,460,490,540,113101,113102,113103,,,
11401,卡加斯,3,6,99,HuangWuZhiDi,HuangWuZhiDi,HuangWuZhiDi,"107,108,",,118,卡加斯是一个小而功能健全的部落基地，是兽人和他们的盟友们在这附近探险时重整和补给的地方。,460,490,540,114011,114012,114013,,,
11402,雾气平原,3,6,99,HuangWuZhiDi,HuangWuZhiDi,HuangWuZhiDi,"107,108,",,118,哦，当然，烧烤秃鹰翅膀是我的最爱！酱汁浓郁，肉香扑鼻。,470,500,550,114021,114022,114023,,,
11403,火山洞穴,3,6,99,HuangWuZhiDi,HuangWuZhiDi,HuangWuZhiDi,"107,108,",,118,拉比克火山洞穴是位于荒芜之地西南方的一个大型食人魔营地。火烟食人魔与这里其他的种族基本没有交流。,470,500,550,114031,114032,114033,,,
11404,柯什营地,3,6,99,HuangWuZhiDi,HuangWuZhiDi,HuangWuZhiDi,"107,108,",,118,那些柯什营地里的食人魔像兀鹫看见了腐烂的尸体一样疯狂地掠夺我们扔掉的物资。,470,500,550,114041,114042,114043,,,
11405,苦痛堡垒,3,6,10,HuangWuZhiDi,HuangWuZhiDi,HuangWuZhiDi,"107,108,42011,11081",68,118,拉格纳罗斯派因弗努斯大使到苦痛堡垒，去监督暗炉矮人在造物者遗迹挖掘神器的工作。,480,510,560,114051,114052,114053,,,
11406,铁环挖掘场,3,6,99,HuangWuZhiDi,HuangWuZhiDi,HuangWuZhiDi,"107,108,",,118,铁环挖掘场最近的进度非常缓慢，去那里问问怎么了。,480,510,560,114061,114062,114063,,,
11407,阿戈莫德营地,3,6,99,HuangWuZhiDi,HuangWuZhiDi,HuangWuZhiDi,"107,108,",,118,勘察员阿戈莫德曾是荒芜之地的挖掘场负责人，就是西南边的那座挖掘场。,480,510,560,114071,114072,114073,,,
11408,漫尘盆地,3,6,99,HuangWuZhiDi,HuangWuZhiDi,HuangWuZhiDi,"107,108,",,118,首先，我需要些小石头碎块，来检验我最新的攻击性咒语和小发明。,480,510,560,114081,114082,114083,,,
11409,莱瑟罗峡谷,3,6,10,HuangWuZhiDi,HuangWuZhiDi,HuangWuZhiDi,"107,108,42012,11082",,118,一些未成年的黑龙占据着这片位于荒芜之地东部的荒凉峡谷。,490,520,570,114091,114092,114093,,,
11410,大地的震颤,3,6,10,HuangWuZhiDi,HuangWuZhiDi,HuangWuZhiDi,"107,108,42013,2130",159,118,显然，我们不能保证黑龙布莱克拉什和赫玛图斯仍能被囚禁在莱瑟罗峡谷里。,490,520,570,114101,114102,114103,,,
11501,奈辛瓦里营地,3,6,99,JingJiGu,JingJiGu,JingJiGu,"107,108,",,118,有一群猎人在风险投资公司营地所在的纳菲瑞提湖的上游建立了一片营地。,490,520,570,115011,115012,115013,,,
11502,猎龙,3,6,99,JingJiGu,JingJiGu,JingJiGu,"107,108,",,118,到丛林里去杀几只荆棘谷迅猛龙，这样一来我们就知道你是不是所谓的王牌猎人了。,500,530,580,115021,115022,115023,,,
11503,猎虎,3,6,99,JingJiGu,JingJiGu,JingJiGu,"107,108,",,118,一般来说，你会发现虎崽是非常容易追踪和猎杀的。让我们来测试一下你的追踪技巧。,500,530,580,115031,115032,115033,,,
11504,猎豹,3,6,99,JingJiGu,JingJiGu,JingJiGu,"107,108,",,118,如果你也想加入这个最强狩猎队，就必须先证明自己是一个能干的猎豹高手。,500,530,580,115041,115042,115043,,,
11505,虎王邦加拉什,3,6,10,JingJiGu,JingJiGu,JingJiGu,"107,108,42011,11083",70,118,这只白虎正是我来这里的原因。如果你能杀死虎王邦加拉什，那么你无疑是这里最优秀的猎人。,510,540,590,115051,115052,115053,,,
11506,祖玛维废墟,3,6,99,JingJiGu,JingJiGu,JingJiGu,"107,108,",,118,他们看起来致力于修复古老的废墟并且改造结构以适于他们日益增长的人口。,510,540,590,115061,115062,115063,,,
11507,水晶矿洞,3,6,99,JingJiGu,JingJiGu,JingJiGu,"107,108,",,118,荆棘谷中的蜥蜴都有吞食这种水晶的习性，这可以使它们的皮肤变得更硬。因此，我们可以从它们身上收获到一些高品质的水晶。,510,540,590,115071,115072,115073,,,
11508,纳克迈尼圣泉,3,6,99,JingJiGu,JingJiGu,JingJiGu,"107,108,",,118,西边的纳迦掌着一座祭坛，那里面产这儿唯一的净水。,510,540,590,115081,115082,115083,,,
11509,血帆海岸,3,6,10,JingJiGu,JingJiGu,JingJiGu,"107,108,42012,11084",,118,我们的船就停泊在藏宝海湾，而我们的死对头——那些该死的肮脏的血帆海盗——正在整个荆棘谷南部胡作非为。,520,550,600,115091,115092,115093,,,
11510,瓶中信,3,6,10,JingJiGu,JingJiGu,JingJiGu,"107,108,42013,2030",10,118,拜托，我迫切地需要帮助。一只巨兽将我囚禁在了南海的一座岛屿上。,520,550,600,115101,115102,115103,,,
11601,热影废墟,3,6,99,TaNaLiSi,TaNaLiSi,TaNaLiSi,"107,108,",,118,如果你想帮助我们的话，就去解决那些该死的游牧民吧！,520,550,600,116011,116012,116013,,,
11602,热砂港,3,6,99,TaNaLiSi,TaNaLiSi,TaNaLiSi,"107,108,",,118,最近，那些海盗似乎忘记了热砂港给他们的保护费。所以我希望你可以代表我去给他们洗洗脑子。,530,560,610,116021,116022,116023,,,
11603,东月废墟,3,6,99,TaNaLiSi,TaNaLiSi,TaNaLiSi,"107,108,",,118,现在我们需要你去对付那些更强大的废土游牧民。到现在为止你都表现得相当出色。,530,560,610,116031,116032,116033,,,
11604,深沙平原,3,6,99,TaNaLiSi,TaNaLiSi,TaNaLiSi,"107,108,",,118,你现在得去一趟沙漠沙漠，在那里对当地的蜥蜴、蝎子和土狼进行一些组织测试。,530,560,610,116041,116042,116043,,,
11605,流沙岗哨,3,6,10,TaNaLiSi,TaNaLiSi,TaNaLiSi,"107,108,42014,11085",,118,那个水池旁边有些巨魔在看守着，小心点。,540,570,620,116051,116052,116053,,,
11606,腐化之巢,3,6,99,TaNaLiSi,TaNaLiSi,TaNaLiSi,"107,108,",,118,它们正使得原本是腐化之巢所在区域的水池变得干涸，其它方面我们一无所知。,540,570,620,116061,116062,116063,,,
11607,守卫之谷,3,6,99,TaNaLiSi,TaNaLiSi,TaNaLiSi,"107,108,",,118,没有什么能比帮我带回一些废土水袋来更能令我这个老家伙开心的了。那可都是我们的水——就是那些混蛋把它们偷走了！,540,570,620,116071,116072,116073,,,
11608,砂槌营地,3,6,99,TaNaLiSi,TaNaLiSi,TaNaLiSi,"107,108,",,118,你必须去消灭砂槌食人魔！我们不能让这些家伙的势力壮大起来。,540,570,620,116081,116082,116083,,,
11609,南月废墟,3,6,10,TaNaLiSi,TaNaLiSi,TaNaLiSi,"107,108,42011,11086",,118,说实话，他们都很棘手。但是请你一定要帮忙，我们要取回属于自己的东西！,550,580,630,116091,116092,116093,,,
11610,大裂口,3,6,10,TaNaLiSi,TaNaLiSi,TaNaLiSi,"107,108,42012,2115",171,118,谢申克失踪了，而他最后一份报告中显示大裂口到处都充斥着那些怪异的虫子。,550,580,630,116101,116102,116103,,,
11701,塞拉摩,3,6,99,ChenNiZhaoZe,ChenNiZhaoZe,ChenNiZhaoZe,"107,108,",,118,塞拉摩是联盟在卡利姆多的重要中心之一。这座白石砌成的美丽城市，与曾经辉煌的洛丹伦有许多相似之处。,550,580,630,117011,117012,117013,,,
11702,水光庄园,3,6,99,ChenNiZhaoZe,ChenNiZhaoZe,ChenNiZhaoZe,"107,108,",,118,如果你朝西北走，沿着塞拉摩外的大路，就能在道路转向西边之前在女巫岭地区找到水光庄园。,560,590,640,117021,117022,117023,,,
11703,奥卡兹岛,3,6,99,ChenNiZhaoZe,ChenNiZhaoZe,ChenNiZhaoZe,"107,108,",,118,这座曾经作为人类定居点的小岛已被纳迦占领，他们似乎在岛上守卫着什么。,560,590,640,117031,117032,117033,,,
11704,黑雾洞穴,3,6,99,ChenNiZhaoZe,ChenNiZhaoZe,ChenNiZhaoZe,"107,108,",,118,黑雾蜘蛛就在西边的黑雾洞穴里活动。你说这些蜘蛛的名字是来自这个洞的名字呢，还是有别的什么说法？,560,590,640,117041,117042,117043,,,
11705,蕨墙村,3,6,10,ChenNiZhaoZe,ChenNiZhaoZe,ChenNiZhaoZe,"107,108,42013,11087",212,118,蕨墙村是部落在尘泥唯一的据点，也是石槌食人魔的老窝，这些食人魔曾有属于自己的村庄，但被黑龙们夺走了。,570,600,650,117051,117052,117053,,,
11706,石槌废墟,3,6,99,ChenNiZhaoZe,ChenNiZhaoZe,ChenNiZhaoZe,"107,108,",,118,石槌废墟原是一个食人魔村庄，被火鬃龙人攻破。现在他们依然在冒烟的废墟上游荡不去，帮助黑龙抚养着一些小龙。,570,600,650,117061,117062,117063,,,
11707,巨龙沼泽,3,6,99,ChenNiZhaoZe,ChenNiZhaoZe,ChenNiZhaoZe,"107,108,",,118,奥妮克希亚隐藏在自己的巢穴中，照顾着孩子们。和其他黑龙不同的是，她似乎非常挂念孩子们的安危。,570,600,650,117071,117072,117073,,,
11708,泥链镇,3,6,99,ChenNiZhaoZe,ChenNiZhaoZe,ChenNiZhaoZe,"107,108,",,118,热砂集团在沼泽南部新建的哨站处境不是太好。给泥链镇运送补给的飞艇坠毁了，使他们陷入了没有重要工具、食物和药品支持的窘迫处境。,570,600,650,117081,117082,117083,,,
11709,塔贝萨的小屋,3,6,10,ChenNiZhaoZe,ChenNiZhaoZe,ChenNiZhaoZe,"107,108,42014,11088",,118,有一位老巫女塔贝萨居住在沼泽的深处。我们对她的了解也不多，只是她会偶尔出现在这里。,580,610,660,117091,117092,117093,,,
11710,鲜血沼泽洞穴,3,6,10,ChenNiZhaoZe,ChenNiZhaoZe,ChenNiZhaoZe,"107,108,42011,2005",157,118,大群迅猛龙盘踞在那片区域，它们的首领“贪婪的血爪”既残忍又狡猾，至少有两名热砂港工程师惨死于这只野兽的利爪之下。,580,610,660,117101,117102,117103,,,
11801,拉纳加尔岛,3,6,99,QiLiangZhiDi,QiLiangZhiDi,QiLiangZhiDi,"107,108,",,118,一个纳迦部落把那里当成了他们的家，他们管那地方叫什么来着……滑刺……不，是滑刃部族！我想我们可以去那里碰碰运气。,580,610,660,118011,118012,118013,,,
11802,尼耶尔前哨站,3,6,99,QiLiangZhiDi,QiLiangZhiDi,QiLiangZhiDi,"107,108,",,118,尼耶尔前哨站是凄凉唯一的联盟营地，由本迪加斯上尉领导的联盟军队驻守。,590,620,670,118021,118022,118023,,,
11803,雷斧堡垒,3,6,99,QiLiangZhiDi,QiLiangZhiDi,QiLiangZhiDi,"107,108,",,118,雷斧堡垒是这里火刃氏族最偏僻的藏身处，这里的术士练习着黑暗的魔法但似乎有节制的召唤恶魔。,590,620,670,118031,118032,118033,,,
11804,萨格隆,3,6,99,QiLiangZhiDi,QiLiangZhiDi,QiLiangZhiDi,"107,108,",,118,这座暗夜精灵废墟被萨特占领了， 它们来此的目的仍不清楚， 我推测这些萨特从属于燃烧军团。,590,620,670,118041,118042,118043,,,
11805,考米克小屋,3,6,10,QiLiangZhiDi,QiLiangZhiDi,QiLiangZhiDi,"107,108,42013,11095",,118,对科卡尔的战争让我的人民饱受其苦，余下来的这点人不知温饱。给我的人带点吃的来，然后咱们再来谈谈恶魔的事情。,600,630,680,118051,118052,118053,,,
11806,玛格拉姆领地,3,6,99,QiLiangZhiDi,QiLiangZhiDi,QiLiangZhiDi,"107,108,",,118,如果你准备和吉尔吉斯结盟，那么就去攻击他们最憎恨的对手——玛格拉姆部族。,600,630,680,118061,118062,118063,,,
11807,白骨之谷,3,6,99,QiLiangZhiDi,QiLiangZhiDi,QiLiangZhiDi,"107,108,",,118,许多人都相信白骨之谷被诅咒了，因此许多半人马氏族都避开此地，山谷的地表上散落着据说是上古之神的白骨。,600,630,680,118071,118072,118073,,,
11808,玛诺洛克集合所,3,6,99,QiLiangZhiDi,QiLiangZhiDi,QiLiangZhiDi,"107,108,",,118,从噬法魔犬，法师猎手或者灵能猎犬那里收集大脑；从地狱魔女、地狱巫女或地狱修女那里收集魔女之翼。,600,630,680,118081,118082,118083,,,
11809,吉尔吉斯村,3,6,10,QiLiangZhiDi,QiLiangZhiDi,QiLiangZhiDi,"107,108,42014,11096",,118,如果你准备和玛格拉姆部族结盟，那么就去杀掉他们的敌人——吉尔吉斯部族的半人马，这会使你在玛格拉姆部族中赢得尊重。,610,640,690,118091,118092,118093,,,
11810,长矛谷,3,6,10,QiLiangZhiDi,QiLiangZhiDi,QiLiangZhiDi,"107,108,42012,2124",199,118,虽然我被当作异教徒流放了，但我的信仰还是一如既往——它将永远激励我前进。为了完成我的使命，我不得不借助外来者的力量。,610,640,690,118101,118102,118103,,,
11901,枯木村,3,6,99,ALaXi,ALaXi,ALaXi,"107,108,",,118,现在，让我们从南边的枯木巨魔开始吧。去杀掉他们，让他们血流成河！,610,640,690,119011,119012,119013,,,
11902,达比雷农场,3,6,99,ALaXi,ALaXi,ALaXi,"107,108,",,118,那些被偷的东西我已经不在乎了。我要的是他们的命！把他们给我杀了！,620,650,700,119021,119022,119023,,,
11903,法迪尔海湾,3,6,99,ALaXi,ALaXi,ALaXi,"107,108,",,118,前一秒钟我们还漂浮在海上，转眼间就又被海浪吞没。而那些该死的纳迦还杀死了所有的幸存者！,620,650,700,119031,119032,119033,,,
11904,外禁锢法阵,3,6,99,ALaXi,ALaXi,ALaXi,"107,108,",,118,这些石头都有守护者在看守，但是如果你足够聪明或者足够幸运的话，就能找到消灭这些守卫的办法。,620,650,700,119041,119042,119043,,,
11905,激流堡,3,6,10,ALaXi,ALaXi,ALaXi,"107,108,42013,11097",11,118,加林王子的保卫措施非常严密，他本人也是一名强大的勇士，所以这次你的任务会是非常艰巨的。,630,660,710,119051,119052,119053,,,
11906,石拳大厅,3,6,99,ALaXi,ALaXi,ALaXi,"107,108,",,118,石拳部族的食人魔就住在那里，去搞定了那里的食人魔和执行者。,630,660,710,119061,119062,119063,,,
11907,东禁锢法阵,3,6,99,ALaXi,ALaXi,ALaXi,"107,108,",,118,这些石头都有守护者在看守，但是如果你足够聪明或者足够幸运的话，就能找到消灭这些守卫的办法。,630,660,710,119071,119072,119073,,,
11908,枯须峡谷,3,6,99,ALaXi,ALaXi,ALaXi,"107,108,",,118,枯须狗头人，就在东边的枯须峡谷里活动，那里有一块类似水晶碎块。,630,660,710,119081,119082,119083,,,
11909,内禁锢法阵,3,6,10,ALaXi,ALaXi,ALaXi,"107,108,42014,11098",,118,这些石头都有守护者在看守，但是如果你足够聪明或者足够幸运的话，就能找到消灭这些守卫的办法。,640,670,720,119091,119092,119093,,,
11910,西禁锢法阵,3,6,10,ALaXi,ALaXi,ALaXi,"107,108,42015,2017",203,118,密斯莱尔可不是什么无辜的公主。她是可怕的敌人，巨人把她关在这里是有道理的。,640,670,720,119101,119102,119103,,,
12001,农田避难所,3,6,99,ChenNiZhaoZe,ChenNiZhaoZe,ChenNiZhaoZe,"107,108,",,118,德莱尼人，一个与兽人有着共同家园的种族，在黑暗之门毁掉他们的世界时，逃到了这个几乎没人愿意呆的地方定居。,640,670,720,120011,120012,120013,,,
12002,忧伤湿地,3,6,99,ChenNiZhaoZe,ChenNiZhaoZe,ChenNiZhaoZe,"107,108,",,118,这一带的野兽太多了。拜托，不要让那群野兽侵入我们的营地！,650,680,730,120021,120022,120023,,,
12003,避难营,3,6,99,ChenNiZhaoZe,ChenNiZhaoZe,ChenNiZhaoZe,"107,108,",,118,帮我找一些梦境粉尘吧，你可以在悲伤的幼龙和龙族的身上找到梦境粉尘。我很喜欢在鼻烟袋里放一点梦境粉尘！,650,680,730,120031,120032,120033,,,
12004,迷雾谷,3,6,99,ChenNiZhaoZe,ChenNiZhaoZe,ChenNiZhaoZe,"107,108,",,118,它们居住在山谷里，随风而动，随心召唤着阵阵微风。,650,680,730,120041,120042,120043,,,
12005,流沙泥潭,3,6,10,ChenNiZhaoZe,ChenNiZhaoZe,ChenNiZhaoZe,"107,108,42011,11099",,118,也许你看见过这一片的绿色龙人，他们可不是好惹的。,660,690,740,120051,120052,120053,,,
12006,奥斯之穴,3,6,99,ChenNiZhaoZe,ChenNiZhaoZe,ChenNiZhaoZe,"107,108,",,118,快一点吧，朋友，我们要共同努力来拯救一个值得拯救的灵魂。,660,690,740,120061,120062,120063,,,
12007,雄鹿沼泽,3,6,99,ChenNiZhaoZe,ChenNiZhaoZe,ChenNiZhaoZe,"107,108,",,118,你也许在雄鹿沼泽看见过一些带翅膀的蛇，它们是风蛇，已经很久没有在这里出现过了。,660,690,740,120071,120072,120073,,,
12008,断矛路口,3,6,99,ChenNiZhaoZe,ChenNiZhaoZe,ChenNiZhaoZe,"107,108,",,118,鳄鱼的每个部位我都能卖，只要你能想得到。,660,690,740,120081,120082,120083,,,
12009,斯通纳德,3,6,10,ChenNiZhaoZe,ChenNiZhaoZe,ChenNiZhaoZe,"107,108,42013,11100",,118,斯通纳德是部落在艾泽拉斯的第一个据点，也是部落在东部王国南方最大的据点。,670,700,750,120091,120092,120093,,,
12010,泪水之池,3,6,10,ChenNiZhaoZe,ChenNiZhaoZe,ChenNiZhaoZe,"107,108,42015,2120",194,118,赫格拉姆非常看重一头猎物，吃食人魔的暮牙，迷雾谷最强大的黑豹。他永远不会允许自己轻易放过那头野兽。,670,700,750,120101,120102,120103,,,
12101,奎尔丹尼小屋,3,6,99,XinTeLan,XinTeLan,XinTeLan,"107,108,",,118,他告诉我，在萨拉斯语、即精灵语中，奎尔丹尼的意思是“高峰”。,670,700,750,121011,121012,121013,,,
12102,鹰巢山,3,6,99,XinTeLan,XinTeLan,XinTeLan,"107,108,",,118,鹰巢山活象一只巨大的狮鹫脑袋，眼睛和鼻孔打通作为和外界的通路。,680,710,760,121021,121022,121023,,,
12103,爬虫废墟,3,6,99,XinTeLan,XinTeLan,XinTeLan,"107,108,",,118,充斥在东边爬虫废墟的蜘蛛一无是处。很显然它们同蜘蛛之神有一定的血缘关系，但这并不能改变它们的麻烦比用处大这一事实。,680,710,760,121031,121032,121033,,,
12104,沙德拉洛,3,6,99,XinTeLan,XinTeLan,XinTeLan,"107,108,",,118,你将先我们一步前往西南边的沙德拉洛。你要在三座神殿里使用塑像。,680,710,760,121041,121042,121043,,,
12105,祖尔祭坛,3,6,10,XinTeLan,XinTeLan,XinTeLan,"107,108,42012,11101",,118,到邪枝巨魔控制地区的西部边缘去，在那里的祖尔祭坛上找一找吧。,690,720,770,121051,121052,121053,,,
12106,瓦罗温湖,3,6,99,XinTeLan,XinTeLan,XinTeLan,"107,108,",,118,干掉你看到的每只野蛮的枭兽，朋友。当你把它们杀得血流成河的时候就回到我这里来。,690,720,770,121061,121062,121063,,,
12107,隐匿石,3,6,99,XinTeLan,XinTeLan,XinTeLan,"107,108,",,118,问题是，那里到处都是吃矮人的泥浆怪和软泥怪。巨魔就比那些东西恶心一点点，但它们对我们来说还是一个麻烦。,690,720,770,121071,121072,121073,,,
12108,亚戈瓦萨,3,6,99,XinTeLan,XinTeLan,XinTeLan,"107,108,",,118,这是枯木巨魔的老巢。虽然我暂时在这里游荡杀掉卑鄙的巨魔，但没有一支足够大的军队是不可能把他们从这里彻底清理掉的。,690,720,770,121081,121082,121083,,,
12109,望海崖,3,6,10,XinTeLan,XinTeLan,XinTeLan,"107,108,42013,11098",,118,哟！外头有只与众不同的乌龟。她叫加莫里塔，海水钳嘴龟的头儿。,700,730,780,121091,121092,121093,,,
12110,辛萨罗,3,6,10,XinTeLan,XinTeLan,XinTeLan,"107,108,42015,2015",201,118,邪枝巨魔把这里当成家。还有几个小型的巨魔据点散布在辛特兰中。,700,730,780,121101,121102,121103,,,
12201,峡谷,3,6,99,HeiShiShenYuan,HeiShiShenYuan,HeiShiShenYuan,"107,108,",,118,让我看看我的日程安排，第一件事情是……杀死峡谷中的重型作战傀儡。,700,730,780,122011,122012,122013,,,
12202,石坝小径,3,6,99,HeiShiShenYuan,HeiShiShenYuan,HeiShiShenYuan,"107,108,",,118,洛克莫丹的巨石水坝的创造者，师匠级的天才弗兰克罗恩·铸铁设计了这个位于峡谷北部的古老建筑。,710,740,790,122021,122022,122023,,,
12203,尘火谷,3,6,99,HeiShiShenYuan,HeiShiShenYuan,HeiShiShenYuan,"107,108,",,118,熔岩蜘蛛太吓人了。它们是超大型的蜘蛛。还住在熔岩里。,710,740,790,122031,122032,122033,,,
12204,煤渣挖掘场,3,6,99,HeiShiShenYuan,HeiShiShenYuan,HeiShiShenYuan,"107,108,",,118,黑铁矮人将他们的奴隶囚禁在这里，监督他们不要偷懒。,710,740,790,122041,122042,122043,,,
12205,大熔炉,3,6,10,HeiShiShenYuan,HeiShiShenYuan,HeiShiShenYuan,"107,108,42012",,118,大熔炉是一个巨大的挖掘点，黑铁矮人和他们的奴隶在洞里挥动铁铲，不停工作着。,720,750,800,122051,122052,122053,,,
12206,灰烬之海,3,6,99,HeiShiShenYuan,HeiShiShenYuan,HeiShiShenYuan,"107,108,",,118,黑石山脉深处的岩浆透过脆弱的大地喷涌而出，在灰烬之海上形成了壮观的红色瀑布。,720,750,800,122061,122062,122063,,,
12207,黑炭谷,3,6,99,HeiShiShenYuan,HeiShiShenYuan,HeiShiShenYuan,"107,108,",,118,巨型熔岩蜘蛛在这儿引起了一些麻烦，嗯，无论如何，这些蜘蛛让孩子们感到不安。,720,750,800,122071,122072,122073,,,
12208,观火岭,3,6,99,HeiShiShenYuan,HeiShiShenYuan,HeiShiShenYuan,"107,108,",,118,有效抗毒的关键总是来源于毒液本身。从附近的晶网蜘蛛着手应该是个不错的开始。,720,750,800,122081,122082,122083,,,
12209,瑟银哨塔,3,6,10,HeiShiShenYuan,HeiShiShenYuan,HeiShiShenYuan,"107,108,42013",,118,我跟瑟银兄弟会的矮人谈过几次，没人比他们更加乐于助人了。,730,760,810,122091,122092,122093,,,
12210,苏塔拉祭坛,3,6,10,HeiShiShenYuan,HeiShiShenYuan,HeiShiShenYuan,"107,108,42021,2113",76,118,苏塔拉祭坛是关键。到这里的北边去，在洞穴上面的山顶。,730,760,810,122101,122102,122103,,,
12301,亚考兰神殿,3,6,99,AiSaLa,AiSaLa,AiSaLa,"107,108,",,118,有一个名叫亚考罗克的低阶神祗居住在艾萨拉，你必须找到他，但是如果他发现了你，那么他的爪牙就会不顾一切地想要杀死你。,730,760,810,123011,123012,123013,,,
12302,埃达拉之塔,3,6,99,AiSaLa,AiSaLa,AiSaLa,"107,108,",,118,埃达拉之塔位于漆黑山脊的东部，是卡多雷的上古遗迹之一。,740,770,820,123021,123022,123023,,,
12303,鳞须海龟洞穴,3,6,99,AiSaLa,AiSaLa,AiSaLa,"107,108,",,118,鳞须海龟在这里进进出出，它们对人类持友好态度。,740,770,820,123031,123032,123033,,,
12304,雷加什营地,3,6,99,AiSaLa,AiSaLa,AiSaLa,"107,108,",,118,萨特是暗夜精灵畸形和邪恶的一面，现在他们正在玷污这片半神曾经眷顾过的神圣之地。,740,770,820,123041,123042,123043,,,
12305,木喉要塞,3,6,10,AiSaLa,AiSaLa,AiSaLa,"107,108,42012",,118,木喉部族中的熊怪们饱经风霜雪雨，至今它们仍无助地守望着这片它们曾经深爱着的森林渐渐地被扭曲、腐化、溃烂。,750,780,830,123051,123052,123053,,,
12306,埃达拉斯废墟,3,6,99,AiSaLa,AiSaLa,AiSaLa,"107,108,",,118,埃达拉斯曾是暗夜精灵最美的城市之一。然而现在，它已化为断壁残垣。,750,780,830,123061,123062,123063,,,
12307,凄凉山,3,6,99,AiSaLa,AiSaLa,AiSaLa,"107,108,",,118,这片从艾萨拉东延伸到东南的广大地区控制在蓝龙手中。它们在这里的存在很不寻常，虽然有数百名龙人，但是跟它们在一起的只有一头龙。,750,780,830,123071,123072,123073,,,
12308,门纳尔湖,3,6,99,AiSaLa,AiSaLa,AiSaLa,"107,108,",,118,在东边门纳尔湖附近，遗迹有着自己的故事。,750,780,830,123081,123082,123083,,,
12309,废墟海岸,3,6,10,AiSaLa,AiSaLa,AiSaLa,"107,108,42013",,118,风暴海湾正如其名，电闪雷鸣和潮汐巨浪经久不息地冲击着海边的遗迹，凶险异常。,760,790,840,123091,123092,123093,,,
12310,拉文凯斯雕像,3,6,10,AiSaLa,AiSaLa,AiSaLa,"107,108,42021,2024",,118,雕像的近况很不好，只剩下腿部依然站立，其余部分早已化为历史的尘埃。,760,790,840,123101,123102,123103,,,
12401,鸦风废墟,3,6,99,HeiHaiAn,HeiHaiAn,HeiHaiAn,"107,108,",,118,那天我在森林里，刚刚经过一场恶战的我正在擦拭我的剑刃，就在此时我遭到了埋伏。鹰身人包围了我，我勉强才逃出生天。,760,790,840,124011,124012,124013,,,
12402,羽月要塞,3,6,99,HeiHaiAn,HeiHaiAn,HeiHaiAn,"107,108,",,118,这个处于珊蒂斯·羽月的管理之下的要塞是菲拉斯唯一的联盟领地。,770,800,850,124021,124022,124023,,,
12403,恐怖之岛,3,6,99,HeiHaiAn,HeiHaiAn,HeiHaiAn,"107,108,",,118,憎世纳迦的进攻很猛烈！他们的首领是优先目标，但我们需要尽量多杀掉一些。,770,800,850,124031,124032,124033,,,
12404,深痕谷,3,6,99,HeiHaiAn,HeiHaiAn,HeiHaiAn,"107,108,",,118,在最近寻找高质量材料的时候，我发现了厚重的雪人皮。雪人就土生土长在菲拉斯。,770,800,850,124041,124042,124043,,,
12405,高原荒野,3,6,10,HeiHaiAn,HeiHaiAn,HeiHaiAn,"107,108,42012",216,118,高原荒野上坐落着无数的远古废墟。在那里，暗夜精灵的祖先们触犯了奥术魔法的禁忌。,780,810,860,124051,124052,124053,,,
12406,双塔山,3,6,99,HeiHaiAn,HeiHaiAn,HeiHaiAn,"107,108,",,118,这两座平顶山是菲拉斯的最高点。暗夜精灵搭档在这里臭名昭著。,780,810,860,124061,124062,124063,,,
12407,伊斯迪尔废墟,3,6,99,HeiHaiAn,HeiHaiAn,HeiHaiAn,"107,108,",,118,他们数量剧增，威胁到了营地，一定要铲除那些突击队员，他们是最强壮的豺狼人。,780,810,860,124071,124072,124073,,,
12408,戈杜尼哨站,3,6,99,HeiHaiAn,HeiHaiAn,HeiHaiAn,"107,108,",,118,在那里，戈杜尼食人魔四处游荡，试图寻找剩下的残留物。,780,810,860,124081,124082,124083,,,
12409,低地荒野,3,6,10,HeiHaiAn,HeiHaiAn,HeiHaiAn,"107,108,42013",,118,到东边的荒野中去寻找野兽吧。那些铁鬃熊，还有那些长牙奔跑者都是你的目标。,790,820,870,124091,124092,124093,,,
12410,痛苦深渊,3,6,10,HeiHaiAn,HeiHaiAn,HeiHaiAn,"107,108,42022,2106",171,118,暗夜精灵所说的巨大的虫子居住在荒野东南部的这个奇怪的废墟里。,790,820,870,124101,124102,124103,,,
12501,斯坦恩布莱德,3,6,99,XierSiBuLaDeQiuLing,XierSiBuLaDeQiuLing,XierSiBuLaDeQiuLing,"107,108,",,118,辛迪加现在控制了这个曾经兴旺的城市。他们修缮了监狱，挖掘队也时常进入老地窖和封闭的墓穴。,790,820,870,125011,125012,125013,,,
12502,索菲亚高地,3,6,99,XierSiBuLaDeQiuLing,XierSiBuLaDeQiuLing,XierSiBuLaDeQiuLing,"107,108,",,118,高地是一个由辛迪加控制的山区。我相信他们在这里建立了基地，尽管我不知道确切的位置。,800,830,880,125021,125022,125023,,,
12503,考兰之匕,3,6,99,XierSiBuLaDeQiuLing,XierSiBuLaDeQiuLing,XierSiBuLaDeQiuLing,"107,108,",,118,山峰间几乎没有肥沃的峡谷，在那里的都是一些荒地。,800,830,880,125031,125032,125033,,,
12504,加兰高地,3,6,99,XierSiBuLaDeQiuLing,XierSiBuLaDeQiuLing,XierSiBuLaDeQiuLing,"107,108,",,118,这里是一个危险的区域，辛迪加成员手段格外凶残。,800,830,880,125041,125042,125043,,,
12505,达拉然巨坑,3,6,10,XierSiBuLaDeQiuLing,XierSiBuLaDeQiuLing,XierSiBuLaDeQiuLing,"107,108,42012",,118,西南方有一个魔法结界封闭了达拉然。达拉然的法师们在那里巡游，而且精明的远离奥特兰克的纷争。,810,840,890,125051,125052,125053,,,
12506,无草洞,3,6,99,XierSiBuLaDeQiuLing,XierSiBuLaDeQiuLing,XierSiBuLaDeQiuLing,"107,108,",,118,残忍的雪人居住在这些洞穴中。只有无所畏惧的冒险者才能在这些可怕的生物包围中找到出路。,810,840,890,125061,125062,125063,,,
12507,雾气湖岸,3,6,99,XierSiBuLaDeQiuLing,XierSiBuLaDeQiuLing,XierSiBuLaDeQiuLing,"107,108,",,118,现在，洛丹米尔岛怪物肆虐，湖岸也被该死的亡灵所污染。,810,840,890,125071,125072,125073,,,
12508,达伦德农场,3,6,99,XierSiBuLaDeQiuLing,XierSiBuLaDeQiuLing,XierSiBuLaDeQiuLing,"107,108,",,118,辛迪加占据了这个农场。,810,840,890,125081,125082,125083,,,
12509,破碎岭城堡,3,6,10,XierSiBuLaDeQiuLing,XierSiBuLaDeQiuLing,XierSiBuLaDeQiuLing,"107,108,42013",,118,辛迪加曾经控制过的主要城市，但破碎岭食人魔赶走了他们。现在作为食人魔们的基地和最大的居住地。,820,850,900,125091,125092,125093,,,
12510,奥特兰克废墟,3,6,10,XierSiBuLaDeQiuLing,XierSiBuLaDeQiuLing,XierSiBuLaDeQiuLing,"107,108,42022,2029",,118,找到玛格索尔，把他的徽记和王冠一起带回来。破碎岭的抵抗就到此为止了。,820,850,900,125101,125102,125103,,,
12601,哭泣之洞,3,6,99,WenYiZhiDi,WenYiZhiDi,WenYiZhiDi,"107,108,",,118,在黑暗院长加丁的指示下，通灵学院的讲师玛丽希亚是制造新型瘟疫的元凶。,820,850,900,126011,126012,126013,,,
12602,盖罗恩农场,3,6,99,WenYiZhiDi,WenYiZhiDi,WenYiZhiDi,"107,108,",,118,盖罗恩农场在这里的东北方向，靠近东瘟疫之地的边界。,830,860,910,126021,126022,126023,,,
12603,嚎哭鬼屋,3,6,99,WenYiZhiDi,WenYiZhiDi,WenYiZhiDi,"107,108,",,118,这次你的目标是嚎哭鬼屋的天灾之锅。那个地方在安多哈尔正东边，相对来说比较靠近被毁坏的城墙。,830,860,910,126031,126032,126033,,,
12604,悔恨岭,3,6,99,WenYiZhiDi,WenYiZhiDi,WenYiZhiDi,"107,108,",,118,目前瘟疫之地终年不见天日，悔恨岭附近亡灵横行无忌，但只有在这位最虔诚的圣骑士墓前，有一束圣光时刻照耀着。,830,860,910,126041,126042,126043,,,
12605,安多哈尔废墟,3,6,10,WenYiZhiDi,WenYiZhiDi,WenYiZhiDi,"107,108,42012",151,118,安多哈尔处于天灾的紧密控制之中。安多哈尔曾经是谷物交易中心，在天灾的战役中作为中转地。,840,870,920,126051,126052,126053,,,
12606,亡灵壁垒,3,6,99,WenYiZhiDi,WenYiZhiDi,WenYiZhiDi,"107,108,",,118,对那些正在忍受折磨的动物们来说，除了仁慈地解放它们，没有什么其它的解决办法了。,840,870,920,126061,126062,126063,,,
12607,费尔斯通农场,3,6,99,WenYiZhiDi,WenYiZhiDi,WenYiZhiDi,"107,108,",,118,在西瘟疫之地的四口天灾之锅中，费尔斯通农场里的那一口可能是最容易进入的了。,840,870,920,126071,126072,126073,,,
12608,达尔松之泪,3,6,99,WenYiZhiDi,WenYiZhiDi,WenYiZhiDi,"107,108,",,118,有一口天灾之锅被放置在一座早已废弃的农场上，现在这里被称为达尔松之泪。,840,870,920,126081,126082,126083,,,
12609,北山伐木场,3,6,10,WenYiZhiDi,WenYiZhiDi,WenYiZhiDi,"107,108,42013",,118,到西瘟疫之地的北山伐木场去找个合适的地方，在那里放下一桶瘟疫白蚁。,850,880,930,126091,126092,126093,,,
12610,壁炉谷,3,6,10,WenYiZhiDi,WenYiZhiDi,WenYiZhiDi,"107,108,42023,2109",,118,狂热的战士和牧师控制着壁炉谷的屏障，巡视着附近的领土，他们的信仰是如此的疯狂，以至于他们攻击任何一个被认为携带了瘟疫的。,850,880,930,126101,126102,126103,,,
12701,沼泽地,3,6,99,HeiHaiAn,HeiHaiAn,HeiHaiAn,"107,108,",,118,我们的小队近来遭受了一连串灾难，其中最为严重的就是我们低估了安戈洛环形山的蛮荒程度！,850,880,930,127011,127012,127013,,,
12702,铁石高原,3,6,99,HeiHaiAn,HeiHaiAn,HeiHaiAn,"107,108,",,118,树木上攀生出了更多的花朵和藤蔓，大朵的鲜花也从地面探出头来，这些情况都非比寻常。,860,890,940,127021,127022,127023,,,
12703,东部水晶塔,3,6,99,HeiHaiAn,HeiHaiAn,HeiHaiAn,"107,108,",,118,请帮帮我，满足一下我的好奇心吧。也许在环形山的东部地区有一个水晶塔，你认为你可以找到它吗？,860,890,940,127031,127032,127033,,,
12704,安戈洛的猩猩,3,6,99,HeiHaiAn,HeiHaiAn,HeiHaiAn,"107,108,",,118,你将在那儿遇到巨大的猩猩，这对朋友的力量来说是一个挑战。,860,890,940,127041,127042,127043,,,
12705,拉卡利油沼,3,6,10,HeiHaiAn,HeiHaiAn,HeiHaiAn,"107,108,42012",,118,帮我收集一些沥青。并不是所有的沥青都合适，你必须从油沼周围的野兽身上得到它。,870,900,950,127051,127052,127053,,,
12706,西部水晶塔,3,6,99,HeiHaiAn,HeiHaiAn,HeiHaiAn,"107,108,",,118,朋友，去搜索一下环形山的西部区域；据说那里有个水晶塔。,870,900,950,127061,127062,127063,,,
12707,葛拉卡温泉,3,6,99,HeiHaiAn,HeiHaiAn,HeiHaiAn,"107,108,",,118,这些水池离火羽山那么近，我真的想知道火山和温泉之间到底有没有关系。,870,900,950,127071,127072,127073,,,
12708,恐惧小道,3,6,99,HeiHaiAn,HeiHaiAn,HeiHaiAn,"107,108,",,118,我们本应是在恐惧小道那个鬼地方进行剑龙和双帆龙化石的挖掘工作——顺便提一句，那地名可真古怪。,870,900,950,127081,127082,127083,,,
12709,巨痕谷,3,6,10,HeiHaiAn,HeiHaiAn,HeiHaiAn,"107,108,42013",,118,我们曾调查过环形山南部地区的格里什昆虫。它们与安戈洛的生态环境有些格格不入，我们想要查明原因。,880,910,960,127091,127092,127093,,,
12710,火羽山,3,6,10,HeiHaiAn,HeiHaiAn,HeiHaiAn,"107,108,42023,2014",,118,我来这里是要和火焰使者作战的。我经历了一段漫长的旅途，原本最重要的目标就是它。,880,910,960,127101,127102,127103,,,
12801,玛瑞斯农场,3,6,99,WenYiZhiDi,WenYiZhiDi,WenYiZhiDi,"107,108,",,118,这里是游侠将军纳萨诺斯凋零者的驻扎之地。,880,910,960,128011,128012,128013,,,
12802,达隆郡,3,6,99,WenYiZhiDi,WenYiZhiDi,WenYiZhiDi,"107,108,",,118,现在，朋友，你将参加达隆郡的战斗，并且拯救约瑟夫·雷德帕斯。,890,920,970,128021,128022,128023,,,
12803,蘑菇谷,3,6,99,WenYiZhiDi,WenYiZhiDi,WenYiZhiDi,"107,108,",,118,天灾军团确实把蘑菇谷变成了一片不毛之地——你在这里只能看到腐烂的蘑菇和烧焦的野草。,890,920,970,128031,128032,128033,,,
12804,考林路口,3,6,99,WenYiZhiDi,WenYiZhiDi,WenYiZhiDi,"107,108,",,118,当天谴军团将洛丹伦的粮仓变成了瘟疫之地以后，考林路口也随之成为了天谴军团的前哨站。,890,920,970,128041,128042,128043,,,
12805,提尔之手,3,6,10,WenYiZhiDi,WenYiZhiDi,WenYiZhiDi,"107,108,42012",,118,城的中心是新建的血色修道院，是一座类似于暴风城圣光大教堂的大型建筑。阿比迪斯将军指挥着这座城市以及这里的血色十字军和血色牧师。,900,930,980,128051,128052,128053,,,
12806,瘟疫之痕,3,6,99,WenYiZhiDi,WenYiZhiDi,WenYiZhiDi,"107,108,",,118,黑衣马杜克的佩剑污染了这片土地，形成了瘟疫之痕。,900,930,980,128061,128062,128063,,,
12807,剧毒林地,3,6,99,WenYiZhiDi,WenYiZhiDi,WenYiZhiDi,"107,108,",,118,更北边的剧毒林地中的亡灵比布洛米尔还多。他们距离圣光之愿礼拜堂可以说是近在咫尺，但我们一直没能彻底清剿他们。,900,930,980,128071,128072,128073,,,
12808,祖玛沙尔,3,6,99,WenYiZhiDi,WenYiZhiDi,WenYiZhiDi,"107,108,",,118,杀了我。否则就太迟了。,900,930,980,128081,128082,128083,,,
12809,病木林,3,6,10,WenYiZhiDi,WenYiZhiDi,WenYiZhiDi,"107,108,42013",,118,把这个瓶子拿到东瘟疫之地的病木林去，在那里的蚁丘上抓些白蚁。,910,940,990,128091,128092,128093,,,
12810,恐惧谷,3,6,10,WenYiZhiDi,WenYiZhiDi,WenYiZhiDi,"107,108,42024,2116",,118,我在香炉中放了一撮东瘟疫之地恐惧谷中的腐烂泥土。你可以用它来找到出现灵魂异动的区域。,910,940,990,128101,128102,128103,,,
12901,摩罗萨兰,3,6,99,HeiHaiAn,HeiHaiAn,HeiHaiAn,"107,108,",,118,燃烧军团的铁蹄践踏了这片土地，没有被毁灭的树木和生物则被恶魔的暴行永远的诅咒着。,910,940,990,129011,129012,129013,,,
12902,死木村,3,6,99,HeiHaiAn,HeiHaiAn,HeiHaiAn,"107,108,",,118,作为死木氏族熊怪的家园，这座营地除了一些粗糙的帐篷和木制建筑以外一无所有。,920,950,1000,129021,129022,129023,,,
12903,碧火谷,3,6,99,HeiHaiAn,HeiHaiAn,HeiHaiAn,"107,108,",,118,这个大型萨特营地是加德纳尔之外最大的萨特群落，位于死木村以北，加德纳尔以南。,920,950,1000,129031,129032,129033,,,
12904,克拉特斯废墟,3,6,99,HeiHaiAn,HeiHaiAn,HeiHaiAn,"107,108,",,118,作为翡翠议会的一员，我在努力治愈这片土地，但是仍然有些家伙希望它被腐化堕落。,920,950,1000,129041,129042,129043,,,
12905,加德纳尔,3,6,10,HeiHaiAn,HeiHaiAn,HeiHaiAn,"107,108,42012",155,118,阴影议会是一个在基尔加丹的操纵之下，由兽人术士古尔丹建立的组织，致力于在兽人中间传播黑暗魔法。,930,960,1010,129051,129052,129053,,,
12906,血毒瀑布,3,6,99,HeiHaiAn,HeiHaiAn,HeiHaiAn,"107,108,",,118,这个曾经流淌着纯净泉水波光粼粼的瀑布如今喷涌着腐臭的脏水。毒液从被诅咒的泥土中喷出，顺着岩石的缝隙流入险恶而绿酽酽的池塘中。,930,960,1010,129061,129062,129063,,,
12907,碎痕谷,3,6,99,HeiHaiAn,HeiHaiAn,HeiHaiAn,"107,108,",,118,你可以找到一处被称作碎痕谷的地方，那里是上次战争中燃烧军团的地狱火恶魔们的着陆点——迄今仍有许多地狱火在那里游荡。,930,960,1010,129071,129072,129073,,,
12908,铁木森林,3,6,99,HeiHaiAn,HeiHaiAn,HeiHaiAn,"107,108,",,118,在血毒瀑布和碎痕谷的北部是一个很小的森林，里面到处都是堕落的古树。,930,960,1010,129081,129082,129083,,,
12909,碧火小径,3,6,10,HeiHaiAn,HeiHaiAn,HeiHaiAn,"107,108,42013",,118,碧火小径是另一个大型萨特营地，也许是作为进攻附近木喉熊怪的基地。它位于魔爪村附近，也许这里的萨特正是魔爪村的腐蚀之源。,940,970,1020,129091,129092,129093,,,
12910,魔爪村,3,6,10,HeiHaiAn,HeiHaiAn,HeiHaiAn,"107,108,42024,2006",,118,魔爪村是费伍德第二大的堕落熊怪营地，也属于全大陆最大的之一。魔爪熊怪比死木熊怪更危险。,940,970,1020,129101,129102,129103,,,
13001,阿彻鲁斯,3,6,99,WenYiZhiDi,WenYiZhiDi,WenYiZhiDi,"107,108,",,118,这里曾经是巫妖王在撤走纳克萨玛斯之后瘟疫之地的天灾据点，也是当时天灾组建黑锋骑士团时死亡骑士的训练基地。,940,970,1020,130011,130012,130013,,,
13002,死亡裂口,3,6,99,WenYiZhiDi,WenYiZhiDi,WenYiZhiDi,"107,108,",,118,阿彻鲁斯的下方就是死亡裂口，我们对血色十字军作战的前沿基地。,950,980,1030,130021,130022,130023,,,
13003,海文郡矿洞,3,6,99,WenYiZhiDi,WenYiZhiDi,WenYiZhiDi,"107,108,",,118,来，带上我给你的见面礼，把它带到东面的海文郡矿洞去。,950,980,1030,130031,130032,130033,,,
13004,新阿瓦隆,3,6,99,WenYiZhiDi,WenYiZhiDi,WenYiZhiDi,"107,108,",,118,当天灾军团的浮空城出现时，大部分人类都会吓得四处逃散。血色十字军却不会这样！,950,980,1030,130041,130042,130043,,,
13005,血色城堡 ,3,6,10,WenYiZhiDi,WenYiZhiDi,WenYiZhiDi,"107,108,42012",,118,不过我从一个家伙口中得到了一些有用的情报。他们在血色城堡里面保存着一份所有巡逻路线的日程表。,960,990,1040,130051,130052,130053,,,
13006,新阿瓦隆熔炉,3,6,99,WenYiZhiDi,WenYiZhiDi,WenYiZhiDi,"107,108,",,118,巫妖王命令你使用阿彻鲁斯之眼，侦察并分析新阿瓦隆熔炉。,960,990,1040,130061,130062,130063,,,
13007,阿瓦隆市政厅,3,6,99,WenYiZhiDi,WenYiZhiDi,WenYiZhiDi,"107,108,",,118,巫妖王命令你使用阿彻鲁斯之眼，侦察并分析新阿瓦隆市政厅。,960,990,1040,130071,130072,130073,,,
13008,赤色烈焰,3,6,99,WenYiZhiDi,WenYiZhiDi,WenYiZhiDi,"107,108,",,118,必须有人听到这复仇的呐喊，一队死亡骑士已经出发去烧毁赤色烈焰礼拜堂了。,960,990,1040,130081,130082,130083,,,
13009,国王港,3,6,10,WenYiZhiDi,WenYiZhiDi,WenYiZhiDi,"107,108,42013",,118,阿比迪斯目前就在血色悬崖东南方的国王港。把这封信交给她，然后仔细收集她在看完信之后所表达出来的一切情报。,970,1000,1050,130091,130092,130093,,,
13010,黎明之光,3,6,10,WenYiZhiDi,WenYiZhiDi,WenYiZhiDi,"107,108,42025,2118",175,118,巫妖王陛下的部队即将发动决定瘟疫之地归属的决战。今天，我们即将步入天灾军团英雄的殿堂！,970,1000,1050,130101,130102,130103,,,
13101,冰火温泉,3,6,99,WenYiZhiDi,WenYiZhiDi,WenYiZhiDi,"107,108,",,118,这里曾经是巫妖王在撤走纳克萨玛斯之后瘟疫之地的天灾据点，也是当时天灾组建黑锋骑士团时死亡骑士的训练基地。,970,1000,1050,131011,131012,131013,,,
13102,木喉岗哨,3,6,99,WenYiZhiDi,WenYiZhiDi,WenYiZhiDi,"107,108,",,118,阿彻鲁斯的下方就是死亡裂口，我们对血色十字军作战的前沿基地。,980,1010,1060,131021,131022,131023,,,
13103,凯斯利尔湖,3,6,99,WenYiZhiDi,WenYiZhiDi,WenYiZhiDi,"107,108,",,118,来，带上我给你的见面礼，把它带到东面的海文郡矿洞去。,980,1010,1060,131031,131032,131033,,,
13104,霜刃石,3,6,99,WenYiZhiDi,WenYiZhiDi,WenYiZhiDi,"107,108,",,118,当天灾军团的浮空城出现时，大部分人类都会吓得四处逃散。血色十字军却不会这样！,980,1010,1060,131041,131042,131043,,,
13105,隐秘小林,3,6,10,WenYiZhiDi,WenYiZhiDi,WenYiZhiDi,"107,108,42012",,118,不过我从一个家伙口中得到了一些有用的情报。他们在血色城堡里面保存着一份所有巡逻路线的日程表。,990,1020,1070,131051,131052,131053,,,
13106,寒水村,3,6,99,WenYiZhiDi,WenYiZhiDi,WenYiZhiDi,"107,108,",,118,巫妖王命令你使用阿彻鲁斯之眼，侦察并分析新阿瓦隆熔炉。,990,1020,1070,131061,131062,131063,,,
13107,枭翼树丛,3,6,99,WenYiZhiDi,WenYiZhiDi,WenYiZhiDi,"107,108,",,118,巫妖王命令你使用阿彻鲁斯之眼，侦察并分析新阿瓦隆市政厅。,990,1020,1070,131071,131072,131073,,,
13108,霜语峡谷,3,6,99,WenYiZhiDi,WenYiZhiDi,WenYiZhiDi,"107,108,",,118,必须有人听到这复仇的呐喊，一队死亡骑士已经出发去烧毁赤色烈焰礼拜堂了。,990,1020,1070,131081,131082,131083,,,
13109,麦索瑞尔,3,6,10,WenYiZhiDi,WenYiZhiDi,WenYiZhiDi,"107,108,42013",,118,阿比迪斯目前就在血色悬崖东南方的国王港。把这封信交给她，然后仔细收集她在看完信之后所表达出来的一切情报。,1000,1030,1080,131091,131092,131093,,,
13110,暗语峡谷,3,6,10,WenYiZhiDi,WenYiZhiDi,WenYiZhiDi,"107,108,42025,2018",,118,巫妖王陛下的部队即将发动决定瘟疫之地归属的决战。今天，我们即将步入天灾军团英雄的殿堂！,1000,1030,1080,131101,131102,131103,,,
13201,龙翼小径,3,6,99,HeiShiShenYuan,HeiShiShenYuan,HeiShiShenYuan,"107,108,",,118,这里曾经是巫妖王在撤走纳克萨玛斯之后瘟疫之地的天灾据点，也是当时天灾组建黑锋骑士团时死亡骑士的训练基地。,1000,1030,1080,132011,132012,132013,,,
13202,巨槌石,3,6,99,HeiShiShenYuan,HeiShiShenYuan,HeiShiShenYuan,"107,108,",,118,阿彻鲁斯的下方就是死亡裂口，我们对血色十字军作战的前沿基地。,1010,1040,1090,132021,132022,132023,,,
13203,摩根的岗哨,3,6,99,HeiShiShenYuan,HeiShiShenYuan,HeiShiShenYuan,"107,108,",,118,来，带上我给你的见面礼，把它带到东面的海文郡矿洞去。,1010,1040,1090,132031,132032,132033,,,
13204,黑石小径,3,6,99,HeiShiShenYuan,HeiShiShenYuan,HeiShiShenYuan,"107,108,",,118,当天灾军团的浮空城出现时，大部分人类都会吓得四处逃散。血色十字军却不会这样！,1010,1040,1090,132041,132042,132043,,,
13205,灰烬之柱,3,6,10,HeiShiShenYuan,HeiShiShenYuan,HeiShiShenYuan,"107,108,42012",,118,不过我从一个家伙口中得到了一些有用的情报。他们在血色城堡里面保存着一份所有巡逻路线的日程表。,1020,1050,1100,132051,132052,132053,,,
13206,德拉考达尔,3,6,99,HeiShiShenYuan,HeiShiShenYuan,HeiShiShenYuan,"107,108,",,118,巫妖王命令你使用阿彻鲁斯之眼，侦察并分析新阿瓦隆熔炉。,1020,1050,1100,132061,132062,132063,,,
13207,风暴祭坛,3,6,99,HeiShiShenYuan,HeiShiShenYuan,HeiShiShenYuan,"107,108,",,118,巫妖王命令你使用阿彻鲁斯之眼，侦察并分析新阿瓦隆市政厅。,1020,1050,1100,132071,132072,132073,,,
13208,黑石山,3,6,99,HeiShiShenYuan,HeiShiShenYuan,HeiShiShenYuan,"107,108,",,118,必须有人听到这复仇的呐喊，一队死亡骑士已经出发去烧毁赤色烈焰礼拜堂了。,1020,1050,1100,132081,132082,132083,,,
13209,黑石要塞,3,6,10,HeiShiShenYuan,HeiShiShenYuan,HeiShiShenYuan,"107,108,42013",,118,阿比迪斯目前就在血色悬崖东南方的国王港。把这封信交给她，然后仔细收集她在看完信之后所表达出来的一切情报。,1030,1060,1110,132091,132092,132093,,,
13210,索瑞森废墟,3,6,10,HeiShiShenYuan,HeiShiShenYuan,HeiShiShenYuan,"107,108,42031,2111",,118,巫妖王陛下的部队即将发动决定瘟疫之地归属的决战。今天，我们即将步入天灾军团英雄的殿堂！,1030,1060,1110,132101,132102,132103,,,
13301,勇士之墓,3,6,99,HuangWuZhiDi,HuangWuZhiDi,HuangWuZhiDi,"107,108,",,118,这个精灵遗迹里现在几乎清一色是塞纳里奥议会的精灵们。他们在这里监视着异种虫和暮光之锤的活动。,1030,1060,1110,133011,133012,133013,,,
13302,鹿盔岗哨,3,6,99,HuangWuZhiDi,HuangWuZhiDi,HuangWuZhiDi,"107,108,",,118,这个哨岗是以大德鲁伊范达尔鹿盔的名字命名的。,1040,1070,1120,133021,133022,133023,,,
13303,暮光的秘密,3,6,99,HuangWuZhiDi,HuangWuZhiDi,HuangWuZhiDi,"107,108,",,118,居民大都是术士，或是其他奥术施法师，他们在寻找埋藏在沙漠之下的水晶。,1040,1070,1120,133031,133032,133033,,,
13304,塞纳里奥要塞,3,6,99,HuangWuZhiDi,HuangWuZhiDi,HuangWuZhiDi,"107,108,",,118,这个哨岗是在塞纳里奥议会管理之下，那是一个致力于维持和平的德鲁伊组织。,1040,1070,1120,133041,133042,133043,,,
13305,亚什虫巢,3,6,10,HuangWuZhiDi,HuangWuZhiDi,HuangWuZhiDi,"107,108,42012",,118,它们是希利苏斯的三大异种虫巢穴，分别位于北部,1050,1080,1130,133051,133052,133053,,,
13306,水晶谷,3,6,99,HuangWuZhiDi,HuangWuZhiDi,HuangWuZhiDi,"107,108,",,118,十分明显，并不是每个暮光之锤信徒都像他们所宣称的那样、是技术高超的术士。,1050,1080,1130,133061,133062,133063,,,
13307,佐拉虫巢,3,6,99,HuangWuZhiDi,HuangWuZhiDi,HuangWuZhiDi,"107,108,",,118,它们是希利苏斯的三大异种虫巢穴，分别位于中西部。,1050,1080,1130,133071,133072,133073,,,
13308,南风村,3,6,99,HuangWuZhiDi,HuangWuZhiDi,HuangWuZhiDi,"107,108,",,118,曾是大灾变之前的一个暗夜精灵城市。那些勇士之墓的精灵们就是占用了这个远古遗迹的一个哨岗，把它弄到可以住人的状态。,1050,1080,1130,133081,133082,133083,,,
13309,雷戈虫巢,3,6,10,HuangWuZhiDi,HuangWuZhiDi,HuangWuZhiDi,"107,108,42013",,118,它们是希利苏斯的三大异种虫巢穴，分别位于东南部。,1060,1090,1140,133091,133092,133093,,,
13310,甲虫之墙,3,6,10,HuangWuZhiDi,HuangWuZhiDi,HuangWuZhiDi,"107,108,42031,2023",175,118,一道巨大而光滑的屏障将这一地区分为两半，这道屏障就是甲虫之墙。,1060,1090,1140,133101,133102,133103,,,
13401,黑石大门,3,6,99,HeiShiShenYuan,HeiShiShenYuan,HeiShiShenYuan,"107,108,",,118,黑石山坐落在东部王国灼热峡谷左下角与燃烧平原的交界处。,1060,1090,1140,134011,134012,134013,,,
13402,暗炉大厅,3,6,99,HeiShiShenYuan,HeiShiShenYuan,HeiShiShenYuan,"107,108,",,118,黑石山坐落在东部王国灼热峡谷左下角与燃烧平原的交界处。,1070,1100,1150,134021,134022,134023,,,
13403,锁链之桥,3,6,99,HeiShiShenYuan,HeiShiShenYuan,HeiShiShenYuan,"107,108,",,118,黑石山坐落在东部王国灼热峡谷左下角与燃烧平原的交界处。,1070,1100,1150,134031,134032,134033,,,
13404,铸铁之墓,3,6,99,HeiShiShenYuan,HeiShiShenYuan,HeiShiShenYuan,"107,108,",,118,黑石山坐落在东部王国灼热峡谷左下角与燃烧平原的交界处。,1070,1100,1150,134041,134042,134043,,,
13405,铸铁大厅,3,6,10,HeiShiShenYuan,HeiShiShenYuan,HeiShiShenYuan,"107,108,42012",,118,黑石山坐落在东部王国灼热峡谷左下角与燃烧平原的交界处。,1080,1110,1160,134051,134052,134053,,,
13406,岩石大厅,3,6,99,HeiShiShenYuan,HeiShiShenYuan,HeiShiShenYuan,"107,108,",,118,黑石山坐落在东部王国灼热峡谷左下角与燃烧平原的交界处。,1080,1110,1160,134061,134062,134063,,,
13407,工匠大厅,3,6,99,HeiShiShenYuan,HeiShiShenYuan,HeiShiShenYuan,"107,108,",,118,黑石山坐落在东部王国灼热峡谷左下角与燃烧平原的交界处。,1080,1110,1160,134071,134072,134073,,,
13408,火焰裂口,3,6,99,HeiShiShenYuan,HeiShiShenYuan,HeiShiShenYuan,"107,108,",,118,黑石山坐落在东部王国灼热峡谷左下角与燃烧平原的交界处。,1080,1110,1160,134081,134082,134083,,,
13409,采石场,3,6,10,HeiShiShenYuan,HeiShiShenYuan,HeiShiShenYuan,"107,108,42013",,118,黑石山坐落在东部王国灼热峡谷左下角与燃烧平原的交界处。,1090,1120,1170,134091,134092,134093,,,
13410,征服者派隆,3,6,10,HeiShiShenYuan,HeiShiShenYuan,HeiShiShenYuan,"107,108,42031,2125",68,118,征服者派隆给我们带来了很多麻烦。我们必须干掉这个元素生物。,1090,1120,1170,134101,134102,134103,,,
13501,巨槌要塞,3,6,99,HuangWuZhiDi,HuangWuZhiDi,HuangWuZhiDi,"107,108,",,118,巨槌食人魔也穿过黑暗之门来到了这里。与兽人不同的是，食人魔留在了诅咒之地。,1090,1120,1170,135011,135012,135013,,,
13502,瑟温妮的仆从,3,6,99,HuangWuZhiDi,HuangWuZhiDi,HuangWuZhiDi,"107,108,",,118,要召唤这位恶魔，我们就需要三枚护符，其中的一枚是瑟温妮的护符。,1100,1130,1180,135021,135022,135023,,,
13503,戈洛尔的仆从,3,6,99,HuangWuZhiDi,HuangWuZhiDi,HuangWuZhiDi,"107,108,",,118,要召唤这位恶魔，我们就需要三枚护符，其中的一枚是戈洛尔的护符。,1100,1130,1180,135031,135032,135033,,,
13504,奥利斯塔仆从,3,6,99,HuangWuZhiDi,HuangWuZhiDi,HuangWuZhiDi,"107,108,",,118,要召唤这位恶魔，我们就需要三枚护符，其中的一枚是奥利斯塔的护符。,1100,1130,1180,135041,135042,135043,,,
13505,恶魔拉瑟莱克,3,6,10,HuangWuZhiDi,HuangWuZhiDi,HuangWuZhiDi,"107,108,42012",,118,去打败污染者拉瑟莱克，把他的犄角带回来。这将成为我们希望的象征。,1110,1140,1190,135051,135052,135053,,,
13506,野猪的活力,3,6,99,HuangWuZhiDi,HuangWuZhiDi,HuangWuZhiDi,"107,108,",,118,看来这些野兽的耐力十足，这让它们几乎可以不受任何伤害，因此其它动物都无法与之抗衡。,1110,1140,1190,135061,135062,135063,,,
13507,巨槌岗哨,3,6,99,HuangWuZhiDi,HuangWuZhiDi,HuangWuZhiDi,"107,108,",,118,巨槌食人魔也穿过黑暗之门来到了这里。与兽人不同的是，食人魔留在了诅咒之地。,1110,1140,1190,135071,135072,135073,,,
13508,石化蜥蜴大脑,3,6,99,HuangWuZhiDi,HuangWuZhiDi,HuangWuZhiDi,"107,108,",,118,这块荒地上到处都是红石蜥蜴，朋友。这些蜥蜴的族群比这里的其它任何生物都要兴旺。,1110,1140,1190,135081,135082,135083,,,
13509,腐烂之痕,3,6,10,HuangWuZhiDi,HuangWuZhiDi,HuangWuZhiDi,"107,108,42013",,118,恶魔们徜徉在这里，他们的能量使这片早已不堪重负的土地更加破败。,1120,1150,1200,135091,135092,135093,,,
13510,黑暗之门,3,6,10,HuangWuZhiDi,HuangWuZhiDi,HuangWuZhiDi,"107,108,42031,2016",103,118,古尔丹打开了连接着德拉诺世界与艾泽拉斯世界的黑暗之门，将兽人大军引入了美丽的艾泽拉斯。,1120,1150,1200,135101,135102,135103,,,
13601,地狱火半岛1,3,6,99,HuangWuZhiDi,HuangWuZhiDi,HuangWuZhiDi,"107,108,",,118,地狱火半岛,1120,1150,1200,136011,136012,136013,,,
13602,地狱火半岛2,3,6,99,HuangWuZhiDi,HuangWuZhiDi,HuangWuZhiDi,"107,108,",,118,地狱火半岛,1130,1160,1210,136021,136022,136023,,,
13603,赞加沼泽1,3,6,99,HuangWuZhiDi,HuangWuZhiDi,HuangWuZhiDi,"107,108,",,118,地狱火半岛,1130,1160,1210,136031,136032,136033,,,
13604,赞加沼泽2,3,6,99,HuangWuZhiDi,HuangWuZhiDi,HuangWuZhiDi,"107,108,",,118,地狱火半岛,1130,1160,1210,136041,136042,136043,,,
13605,泰罗卡森林1,3,6,10,HuangWuZhiDi,HuangWuZhiDi,HuangWuZhiDi,"107,108,42012",,118,地狱火半岛,1140,1170,1220,136051,136052,136053,,,
13606,泰罗卡森林2,3,6,99,HuangWuZhiDi,HuangWuZhiDi,HuangWuZhiDi,"107,108,",,118,地狱火半岛,1140,1170,1220,136061,136062,136063,,,
13607,纳格兰1,3,6,99,HuangWuZhiDi,HuangWuZhiDi,HuangWuZhiDi,"107,108,",,118,地狱火半岛,1140,1170,1220,136071,136072,136073,,,
13608,纳格兰2,3,6,99,HuangWuZhiDi,HuangWuZhiDi,HuangWuZhiDi,"107,108,",,118,地狱火半岛,1140,1170,1220,136081,136082,136083,,,
13609,刀锋山1,3,6,10,HuangWuZhiDi,HuangWuZhiDi,HuangWuZhiDi,"107,108,42013",,118,地狱火半岛,1150,1180,1230,136091,136092,136093,,,
13610,刀锋山2,3,6,10,HuangWuZhiDi,HuangWuZhiDi,HuangWuZhiDi,"107,108,42031",137,118,地狱火半岛,1150,1180,1230,136101,136102,136103,,,
